✔ [3524/3606] Built ValuedFieldTheory.Valuation.AbsoluteValue.Extension (6.3s)
✔ [3525/3632] Built ValuedFieldTheory.Valuation.LocalRingEquiv (5.9s)
✔ [3700/3787] Built ValuedFieldTheory.Valuation.Henselian.Factorization.Basic (6.4s)
✔ [3701/3787] Built ValuedFieldTheory.Valuation.DiscreteValuationField.AdicPower (6.8s)
✔ [3702/3787] Built ValuedFieldTheory.Valuation.DiscreteValuationField.ResidueField (7.3s)
✔ [3703/3788] Built ValuedFieldTheory.Valuation.AbsoluteValue.Nonarchimedean (7.7s)
✔ [3704/3788] Built ValuedFieldTheory.Valuation.AbsoluteValue.Completeness (7.1s)
✔ [3705/3788] Built GaloisCohomology.ProP.TrivialZModP (6.8s)
✔ [3706/3790] Built ValuedFieldTheory.Valuation.AbsoluteValue.Theory.AbsoluteValues (7.8s)
✔ [3708/3790] Built ValuedFieldTheory.Valuation.DiscreteValuationField.Basic (9.1s)
✔ [3709/3790] Built ClassFieldTheory.AlgebraicNumberTheory.Idele.Basic (8.8s)
✔ [3711/3792] Built ValuedFieldTheory.Ramification.HilbertRamification.ValuationSubring (9.7s)
✔ [3712/3792] Built ValuedFieldTheory.Valuation.Henselian.Factorization.DivisionBounds (3.5s)
✔ [3713/3792] Built ValuedFieldTheory.Valuation.Henselian.Factorization.AdicLimits (3.9s)
✔ [3714/3797] Built ValuedFieldTheory.Valuation.Henselian.Factorization.Truncation (4.9s)
✔ [3717/3797] Built GaloisCohomology.ProP.QuotientRestriction (4.8s)
✔ [3718/3804] Built ValuedFieldTheory.Valuation.AbsoluteValue.SpectralExtension (5.8s)
✔ [3725/3824] Built GaloisCohomology.Cyclic.TateComparison (7.1s)
✔ [3742/3824] Built ValuedFieldTheory.Valuation.AbsoluteValue.Completion (7.4s)
✔ [3743/3825] Built GaloisCohomology.Cyclic.Herbrand.HerbrandLowDegree.Basic (9.9s)
✔ [3744/3825] Built ValuedFieldTheory.Valuation.DiscreteValuationField.ValuationTransport (6.1s)
✔ [3745/3826] Built ValuedFieldTheory.Valuation.DiscreteValuationField.Henselian (7.3s)
✔ [3746/3826] Built ValuedFieldTheory.Valuation.Henselian.Factorization.DegreeBounds (5.4s)
✔ [3747/3826] Built ValuedFieldTheory.Valuation.Henselian.Factorization.ErrorPowers (5.6s)
✔ [3748/3826] Built ValuedFieldTheory.Valuation.AbsoluteValue.Theory.ExponentialValuations (9.2s)
✔ [3749/3827] Built ValuedFieldTheory.Valuation.AbsoluteValue.Ostrowski (11s)
✔ [3751/3827] Built ClassFieldTheory.AlgebraicNumberTheory.Idele.PrincipalCore (8.9s)
✔ [3752/3827] Built ValuedFieldTheory.LocalField.NormUnits (5.8s)
✔ [3753/3827] Built GaloisCohomology.Kummer.Concrete.GaloisCohomology (7.6s)
✔ [3755/3848] Built ValuedFieldTheory.LocalField.DiscreteValuationField.Units (5.8s)
✔ [3822/3960] Built ClassFieldTheory.AlgebraicNumberTheory.Idele.IdealMap (10s)
✔ [3925/4014] Built ValuedFieldTheory.Valuation.AbsoluteValue.AlgebraicLocalization (7.6s)
✔ [3931/4021] Built ValuedFieldTheory.Valuation.DiscreteValuationField.HenselianValuationExtension (4.9s)
✔ [3932/4031] Built ValuedFieldTheory.Valuation.HenselLemma (5.9s)
✔ [3933/4032] Built ValuedFieldTheory.Valuation.Henselian.Factorization.Step (4.9s)
✔ [3935/4047] Built ValuedFieldTheory.Valuation.Henselian.Factorization.CoefficientMinimum (4.5s)
✔ [4038/4149] Built ValuedFieldTheory.Valuation.DiscreteValuationField.HenselianFinite (6.7s)
✔ [4039/4149] Built GaloisCohomology.Cyclic.Herbrand.HerbrandLowDegree.TateComparison (9.1s)
✔ [4042/4152] Built ValuedFieldTheory.Valuation.DiscreteValuationField.Complete (6.8s)
✔ [4043/4152] Built ValuedFieldTheory.LocalField.NonarchimedeanLocalField.AdditiveEquiv (2.7s)
✔ [4044/4153] Built ValuedFieldTheory.LocalField.NonarchimedeanLocalField.ValuativeExtension (5.3s)
✔ [4045/4155] Built ValuedFieldTheory.Valuation.Henselian.Factorization.Iteration (4.7s)
✔ [4046/4156] Built ValuedFieldTheory.Valuation.AbsoluteValue.Theory.Core (9.0s)
✔ [4047/4156] Built ValuedFieldTheory.LocalField.NonarchimedeanLocalField.Basic (6.7s)
✔ [4048/4157] Built ValuedFieldTheory.Valuation.Completion.PolynomialFactors (5.4s)
✔ [4049/4157] Built ValuedFieldTheory.Valuation.Completion.PolynomialCRT (4.0s)
✔ [4050/4157] Built ValuedFieldTheory.LocalField.GroupTheory.IntegerMultipleSubgroup (8.6s)
✔ [4051/4157] Built ValuedFieldTheory.Valuation.Completion.BaseChangeAdjoinRoot (5.6s)
✔ [4052/4157] Built ClassFieldTheory.AlgebraicNumberTheory.Idele.Topology (8.4s)
✔ [4053/4157] Built ClassFieldTheory.AlgebraicNumberTheory.Idele.Extension.BaseChange (11s)
✔ [4054/4157] Built ValuedFieldTheory.Valuation.Henselian.Factorization.FiniteApproximation (4.2s)
✔ [4055/4157] Built GaloisCohomology.Cyclic.TateH0.Invariants (5.8s)
✔ [4056/4160] Built ValuedFieldTheory.Valuation.DiscreteValuationField.Extensions (8.6s)
✔ [4057/4160] Built ValuedFieldTheory.LocalField.NonarchimedeanLocalField.NormQuotient (5.3s)
✔ [4058/4160] Built ValuedFieldTheory.Valuation.Completion.SeparablePolynomialFactors (4.6s)
✔ [4059/4160] Built ValuedFieldTheory.Valuation.AbsoluteValue.ValuationSubring (6.0s)
✔ [4060/4160] Built GaloisCohomology.Cyclic.Herbrand.HerbrandLowDegree.Cardinality (10s)
✔ [4061/4160] Built ValuedFieldTheory.LocalField.NonarchimedeanLocalField.ValuedTopology (4.8s)
✔ [4062/4161] Built ValuedFieldTheory.LocalField.NonarchimedeanLocalField.Norm (6.9s)
✔ [4063/4161] Built ValuedFieldTheory.LocalField.NonarchimedeanLocalField.PrincipalUnits (7.1s)
✔ [4064/4161] Built ValuedFieldTheory.LocalField.DiscreteValuationField.Norm.Basic (8.4s)
✔ [4065/4162] Built ValuedFieldTheory.Valuation.DiscreteValuationField.FiniteExtension.Defectless (6.7s)
✔ [4066/4162] Built ClassFieldTheory.AlgebraicNumberTheory.Idele.SPlaces (7.0s)
✔ [4067/4164] Built ClassFieldTheory.AlgebraicNumberTheory.Idele.Extension.NormProperties (8.1s)
✔ [4068/4164] Built ValuedFieldTheory.Valuation.DiscreteValuationField.ValuationExtension (6.3s)
✔ [4069/4164] Built GaloisCohomology.Cyclic.GaloisCohomology (5.0s)
✔ [4070/4164] Built ClassFieldTheory.AlgebraicNumberTheory.Idele.LocallyCompact (9.5s)
✔ [4071/4164] Built GaloisCohomology.Cyclic.TateH0.NormImage (7.1s)
✔ [4072/4164] Built GaloisCohomology.Cyclic.NormKernelVanishing (6.4s)
✔ [4073/4164] Built ValuedFieldTheory.Valuation.AbsoluteValue.PrincipalAdicCompleteness (7.9s)
✔ [4074/4166] Built ValuedFieldTheory.Valuation.Henselian.Factorization.InfiniteApproximation (12s)
✔ [4075/4166] Built GaloisCohomology.Cyclic.Herbrand.HerbrandLowDegree.Core (6.6s)
✔ [4076/4170] Built ValuedFieldTheory.Valuation.Henselian.IrreduciblePolynomialBounds (7.0s)
✔ [4077/4170] Built ValuedFieldTheory.LocalField.NonarchimedeanLocalField.ResidueUnits (7.9s)
✔ [4078/4170] Built ClassFieldTheory.LocalClassFieldTheory.ClassFormation.Hilbert90 (6.4s)
✔ [4079/4170] Built GaloisCohomology.Cyclic.TateH0.Main (7.6s)
✔ [4080/4186] Built ValuedFieldTheory.Valuation.Henselian.Factorization.PrincipalLimits (5.9s)
✔ [4081/4190] Built ClassFieldTheory.AlgebraicNumberTheory.Idele.Extension.GaloisNorm (11s)
✔ [4082/4191] Built ValuedFieldTheory.Valuation.Henselian.Factorization.WeakLimits (6.0s)
✔ [4083/4191] Built ClassFieldTheory.AlgebraicNumberTheory.Idele.Extension.ClassGroup (13s)
✔ [4084/4192] Built ValuedFieldTheory.Valuation.DiscreteValuationField.ChevalleyExtension (12s)
✔ [4085/4192] Built ValuedFieldTheory.LocalField.DiscreteValuationField.Norm.Quotients (14s)
✔ [4086/4192] Built ClassFieldTheory.LocalClassFieldTheory.ClassFormation.CohomologyBridge (10s)
✔ [4087/4192] Built ValuedFieldTheory.LocalField.NonarchimedeanLocalField.PrincipalUnitQuotients (16s)
✔ [4088/4193] Built ValuedFieldTheory.Valuation.Completion.BaseChangeNormTrace (5.9s)
✔ [4089/4194] Built ValuedFieldTheory.Valuation.Completion.FiniteProductNormTrace (6.5s)
✔ [4090/4194] Built ValuedFieldTheory.Valuation.Henselian.Factorization.Assembly (5.2s)
✔ [4091/4194] Built GaloisCohomology.Cyclic.Herbrand.HerbrandFiniteness (12s)
✔ [4092/4194] Built GaloisCohomology.Cyclic.Herbrand.Induced (12s)
✔ [4093/4195] Built ValuedFieldTheory.Valuation.DiscreteValuationField.IntegralClosure (28s)
✔ [4094/4195] Built ValuedFieldTheory.Valuation.AbsoluteValue.AlgebraicExtension.UniqueValuationSubring (7.6s)
✔ [4095/4196] Built ValuedFieldTheory.Valuation.UniqueRing (7.7s)
✔ [4096/4196] Built ClassFieldTheory.AlgebraicNumberTheory.Idele.Extension.LocalComponent (11s)
✔ [4097/4196] Built ValuedFieldTheory.LocalField.DiscreteValuationField.ValueGroup (7.8s)
✔ [4098/4196] Built GaloisCohomology.Cyclic.Herbrand.PrincipalUnits.QuotientReps (6.9s)
✔ [4099/4198] Built ValuedFieldTheory.LocalField.NonarchimedeanLocalField.ResidueExtension (15s)
✔ [4100/4198] Built ValuedFieldTheory.Valuation.Completion.TensorProductProductFormulas (5.9s)
✔ [4101/4202] Built ClassFieldTheory.AlgebraicNumberTheory.Idele.Extension.GaloisDescent (14s)
✔ [4102/4202] Built ValuedFieldTheory.LocalField.DiscreteValuationField.NormFiltration (11s)
✔ [4103/4202] Built ValuedFieldTheory.LocalField.NonarchimedeanLocalField.IdealQuotients (9.5s)
✔ [4104/4203] Built ValuedFieldTheory.Valuation.Henselian.Factorization.Complete (6.8s)
✔ [4105/4205] Built ValuedFieldTheory.LocalField.NonarchimedeanLocalField.PrincipalUnitActions (11s)
✔ [4106/4217] Built GaloisCohomology.Cyclic.IntegralRepUniverse (575ms)
✔ [4108/4217] Built ValuedFieldTheory.Valuation.Henselian.IrreduciblePolynomialLifting (7.2s)
✔ [4109/4226] Built GaloisCohomology.Cyclic.Herbrand.HerbrandLowDegree.EquivariantEquiv (8.1s)
✔ [4110/4226] Built GaloisCohomology.Cyclic.Herbrand.HerbrandLowDegree.Product (8.9s)
✔ [4112/4230] Built GaloisCohomology.GroupTheory.QuotientTower (3.6s)
✔ [4113/4230] Built ClassFieldTheory.AlgebraicNumberTheory.SeparableClosureEmbedding (6.3s)
✔ [4114/4232] Built ValuedFieldTheory.Valuation.Henselian.UniqueExtensionReduction (8.5s)
✔ [4115/4276] Built GaloisCohomology.Topology.TotallyDisconnectedQuotients (4.9s)
✔ [4120/4277] Built GaloisCohomology.ProfiniteIntegers.TopologicalGeneration (4.6s)
✔ [4121/4277] Built ValuedFieldTheory.Valuation.DiscreteValuationField.FiniteExtension.Degree (11s)
✔ [4122/4277] Built ClassFieldTheory.AlgebraicNumberTheory.Idele.ClassGroup.Tower (24s)
✔ [4123/4280] Built ClassFieldTheory.AlgebraicNumberTheory.Idele.Relative.Support (10s)
✔ [4124/4280] Built ClassFieldTheory.AbstractClassFieldTheory.Degree.Indices (4.2s)
✔ [4125/4280] Built GaloisCohomology.Cyclic.Herbrand.Product (7.2s)
✔ [4126/4298] Built ClassFieldTheory.AbstractClassFieldTheory.Reciprocity.Construction.TransferNaturality (5.1s)
✔ [4129/4317] Built GaloisCohomology.Kummer.Abstract.KummerFixedField (7.5s)
✔ [4135/4317] Built GaloisCohomology.Kummer.Abstract.KummerCyclicOperator (8.5s)
✔ [4136/4324] Built ClassFieldTheory.AbstractClassFieldTheory.Reciprocity.Construction.DoubleCosetOrbitGeometry (6.4s)
✔ [4138/4326] Built ClassFieldTheory.AbstractClassFieldTheory.Reciprocity.Construction.TransferOrbitClosure (5.0s)
✔ [4139/4327] Built ValuedFieldTheory.LocalField.DiscreteValuationField.FieldNorm (13s)
✔ [4140/4329] Built ValuedFieldTheory.Valuation.Henselian.Core (8.7s)
✔ [4141/4329] Built GaloisCohomology.ProfiniteIntegers.ProfiniteIntegerCore (6.5s)
✔ [4142/4338] Built ValuedFieldTheory.Ramification.GaloisValuation.ClosedFixingSubgroup (6.5s)
✔ [4143/4340] Built ValuedFieldTheory.Ramification.GaloisValuation.RamificationQuotients (5.1s)
✔ [4144/4350] Built ClassFieldTheory.LocalClassFieldTheory.Finite.LocalReciprocity.SeparableNormProduct (5.9s)
✔ [4150/4350] Built GaloisCohomology.Kummer.Abstract.KummerGlobalOperator (7.4s)
✔ [4151/4358] Built ValuedFieldTheory.LocalField.DiscreteValuationField.PrincipalUnits.Filtration (6.9s)
✔ [4153/4359] Built GaloisCohomology.Cyclic.Herbrand.Permutation.Module (9.6s)
✔ [4154/4360] Built ValuedFieldTheory.LocalField.NonarchimedeanLocalField.Valuation (8.1s)
✔ [4155/4369] Built ValuedFieldTheory.Valuation.AbsoluteValue.AlgebraicExtension.NormFormulaCoefficients (7.8s)
✔ [4156/4369] Built GaloisCohomology.Cyclic.Herbrand.NormalBasisLattice (23s)
✔ [4157/4369] Built ValuedFieldTheory.Valuation.DiscreteValuationField.FiniteExtension.Uniqueness (14s)
✔ [4158/4369] Built GaloisCohomology.ProfiniteIntegers.ProfiniteInteger (6.4s)
✔ [4159/4370] Built ValuedFieldTheory.Ramification.HilbertRamification.RamificationGroup (6.8s)
✔ [4160/4370] Built ValuedFieldTheory.Valuation.Henselian.PrimitiveReduction (9.2s)
✔ [4161/4370] Built ValuedFieldTheory.Ramification.ProfiniteInvariant (8.0s)
✔ [4162/4370] Built ValuedFieldTheory.LocalField.DiscreteValuationField.PrincipalUnits.AutomorphismTransport (6.6s)
✔ [4163/4370] Built ValuedFieldTheory.LocalField.DiscreteValuationField.PrincipalUnits.ResidueRoots (7.2s)
✔ [4164/4370] Built GaloisCohomology.Kummer.Abstract.KummerAbelianCyclicFactors (7.7s)
✔ [4165/4370] Built ValuedFieldTheory.Valuation.ValuedAdicComplete (7.1s)
✔ [4166/4370] Built ValuedFieldTheory.LocalField.NonarchimedeanLocalField.UnitTopology (6.2s)
✔ [4167/4370] Built ValuedFieldTheory.LocalField.NonarchimedeanLocalField.NormContinuity (6.8s)
✔ [4168/4370] Built ClassFieldTheory.AlgebraicNumberTheory.Idele.ClassGroup.BaseChange (22s)
✔ [4169/4376] Built ValuedFieldTheory.LocalField.NonarchimedeanLocalField.ValuationExactSequence (8.7s)
✔ [4170/4377] Built ValuedFieldTheory.Ramification.ClosedSubgroups (5.8s)
✔ [4171/4389] Built ClassFieldTheory.LocalClassFieldTheory.ClassFormation.PrincipalUnitGraded (8.9s)
✔ [4178/4389] Built ClassFieldTheory.AbstractClassFieldTheory.Degree.Fields (8.0s)
✔ [4179/4389] Built ValuedFieldTheory.LocalField.DiscreteValuationField.PrincipalUnits.ResidueQuotient (5.7s)
✔ [4180/4390] Built ValuedFieldTheory.LocalField.NonarchimedeanLocalField.GaloisIntegerRing (13s)
✔ [4181/4390] Built ValuedFieldTheory.LocalField.DiscreteValuationField.PrincipalUnits.TeichmullerLift (6.4s)
✔ [4182/4390] Built ValuedFieldTheory.Valuation.DiscreteValuationField.FiniteExtension.Core (10s)
✔ [4183/4390] Built ValuedFieldTheory.Valuation.Henselian.PrimitiveFactorization (8.9s)
✔ [4184/4394] Built ProCGroups.Topologies.ContinuousMonoidHom (3.0s)
✔ [4186/4394] Built GaloisCohomology.Kummer.Abstract.KummerAbelianAssembly (7.6s)
✔ [4187/4394] Built ClassFieldTheory.LocalClassFieldTheory.ClassFormation.NormalBasis (14s)
✔ [4188/4394] Built ValuedFieldTheory.Ramification.HilbertRamification.ResidueExactSequence (9.3s)
✔ [4189/4394] Built ClassFieldTheory.AlgebraicNumberTheory.Adele.Coordinates (10s)
✔ [4191/4398] Built ClassFieldTheory.LocalClassFieldTheory.Finite.LocalReciprocity.FiniteResidueFrobenius (8.0s)
✔ [4193/4398] Built ClassFieldTheory.AbstractClassFieldTheory.Degree.Frobenius (8.2s)
✔ [4194/4398] Built ClassFieldTheory.AlgebraicNumberTheory.Idele.Cohomology.Herbrand (22s)
✔ [4195/4399] Built ProCGroups.Topologies.ContinuousMulEquiv (4.2s)
✔ [4196/4399] Built ClassFieldTheory.LocalClassFieldTheory.ClassFormation.Valuation (9.8s)
✔ [4197/4399] Built GaloisCohomology.Cyclic.Herbrand.PrincipalUnits.QuotientTower (12s)
✔ [4198/4399] Built ValuedFieldTheory.Valuation.AbsoluteValue.AlgebraicExtension.NormFormula (9.7s)
✔ [4199/4399] Built ValuedFieldTheory.Valuation.DiscreteValuationField.FiniteIntegralClosure (13s)
✔ [4200/4399] Built GaloisCohomology.Kummer.Abstract.KummerDelta (8.6s)
✔ [4201/4399] Built ValuedFieldTheory.Valuation.Henselian.MonicFactorization (12s)
✔ [4202/4399] Built ValuedFieldTheory.LocalField.NonarchimedeanLocalField.ResidueGalois (15s)
✔ [4203/4399] Built ValuedFieldTheory.LocalField.DiscreteValuationField.PrincipalUnits.TeichmullerDecomposition (16s)
✔ [4204/4399] Built ClassFieldTheory.AlgebraicNumberTheory.NormalClosure (6.7s)
✔ [4205/4399] Built ClassFieldTheory.LocalClassFieldTheory.Finite.LocalReciprocity.ResidueAbsoluteFrobenius (9.4s)
✔ [4206/4403] Built ClassFieldTheory.AlgebraicNumberTheory.Adele.LocalComponents (10s)
✔ [4207/4403] Built ProCGroups.Topologies.QuotientMaps (4.8s)
✔ [4208/4405] Built GaloisCohomology.Cyclic.Herbrand.Permutation.Lattice (11s)
✔ [4209/4405] Built ClassFieldTheory.AbstractClassFieldTheory.Degree.FrobeniusLift (7.9s)
✔ [4210/4405] Built ValuedFieldTheory.Ramification.HilbertRamification.Dedekind.Basic (9.4s)
✔ [4211/4405] Built ClassFieldTheory.AlgebraicNumberTheory.SUnit.Rank (13s)
✔ [4212/4405] Built ValuedFieldTheory.Valuation.AbsoluteValue.AlgebraicExtension.NormFormulaIntegralClosure (8.6s)
✔ [4213/4405] Built ClassFieldTheory.LocalClassFieldTheory.ClassFormation.ValueGroupCohomology (8.8s)
✔ [4214/4405] Built ValuedFieldTheory.LocalField.NonarchimedeanLocalField.FiniteExtensionCompleteDVF (8.2s)
✔ [4215/4405] Built ClassFieldTheory.AbstractClassFieldTheory.Degree.Norm (7.4s)
✔ [4216/4405] Built ClassFieldTheory.LocalClassFieldTheory.Finite.LocalReciprocity.AbsoluteUnitsFixedField (7.0s)
✔ [4217/4405] Built ClassFieldTheory.AlgebraicNumberTheory.Idele.Principal (11s)
✔ [4218/4405] Built ClassFieldTheory.LocalClassFieldTheory.ClassFormation.NormalBasisInfiniteProduct (11s)
✔ [4219/4405] Built ValuedFieldTheory.Valuation.Henselian.NonmonicReduction (9.1s)
✔ [4220/4405] Built ClassFieldTheory.LocalClassFieldTheory.ClassFormation.NormalBasisGaloisAction (12s)
✔ [4221/4405] Built ProCGroups.Topologies.TopologicallyCharacteristicSubgroups (4.8s)
✔ [4222/4405] Built ValuedFieldTheory.Valuation.Henselian.UniqueExtensionPrimitive (9.9s)
✔ [4223/4405] Built ClassFieldTheory.LocalClassFieldTheory.Finite.LocalReciprocity.ResidueAbsoluteDegree (9.3s)
✔ [4224/4405] Built ValuedFieldTheory.Ramification.HilbertRamification.Dedekind.FixedFields (8.1s)
✔ [4225/4405] Built ValuedFieldTheory.Valuation.AbsoluteValue.AlgebraicExtension.NormFormulaAbsoluteValue (8.0s)
✔ [4226/4405] Built ValuedFieldTheory.LocalField.DiscreteValuationField.PrincipalUnits.Core (13s)
✔ [4227/4405] Built ClassFieldTheory.AbstractClassFieldTheory.Degree.FrobeniusFixedField (11s)
✔ [4228/4405] Built ClassFieldTheory.AlgebraicNumberTheory.Adele.RestrictedProduct (13s)
✔ [4229/4405] Built ClassFieldTheory.AbstractClassFieldTheory.Reciprocity.Construction.RelativeNormDoubleCoset (8.4s)
✔ [4230/4405] Built ClassFieldTheory.LocalClassFieldTheory.ClassFormation.ValuationHerbrand (10s)
✔ [4231/4405] Built ClassFieldTheory.AbstractClassFieldTheory.Degree.Valuation (10s)
✔ [4232/4405] Built ValuedFieldTheory.LocalField.NonarchimedeanLocalField.FiniteUnramified (19s)
✔ [4233/4405] Built ProCGroups.ProP.FrattiniPowers (4.6s)
✔ [4234/4405] Built GaloisCohomology.Cyclic.Herbrand.Permutation.LatticeHerbrand (19s)
✔ [4235/4405] Built ClassFieldTheory.AlgebraicNumberTheory.SUnit.LogLattice (17s)
✔ [4236/4405] Built ClassFieldTheory.AlgebraicNumberTheory.Idele.NormCore (11s)
✔ [4237/4405] Built ClassFieldTheory.LocalClassFieldTheory.ClassFormation.FilteredLiftingSequence (9.1s)
✔ [4238/4405] Built ValuedFieldTheory.Valuation.Henselian.ValuationExtensionCriterion (9.2s)
✔ [4239/4405] Built ClassFieldTheory.AlgebraicNumberTheory.Idele.ClassGroup.Core (12s)
✔ [4240/4405] Built ClassFieldTheory.LocalClassFieldTheory.ClassFormation.NormalBasisFiniteQuotient (10s)
✔ [4241/4405] Built ValuedFieldTheory.Ramification.HilbertRamification.Dedekind.FixedFieldTower (9.8s)
✔ [4242/4405] Built ClassFieldTheory.LocalClassFieldTheory.ClassFormation.NormalBasisGradedLifting (13s)
✔ [4243/4408] Built ValuedFieldTheory.Valuation.AbsoluteValue.AlgebraicExtension.NormFormulaExtension (9.7s)
✔ [4244/4408] Built ClassFieldTheory.AbstractClassFieldTheory.Reciprocity.Construction.FrobeniusSemigroup (8.5s)
✔ [4245/4408] Built ValuedFieldTheory.Ramification.GaloisValuation.Ramification (12s)
✔ [4246/4408] Built ClassFieldTheory.AbstractClassFieldTheory.Reciprocity.Construction.FrobeniusField (9.9s)
✔ [4247/4408] Built ProCGroups.ProP.ContinuousH1 (5.3s)
✔ [4248/4408] Built ClassFieldTheory.LocalClassFieldTheory.Finite.LocalReciprocity.GaloisExtensionQuotient (8.9s)
✔ [4249/4409] Built ClassFieldTheory.LocalClassFieldTheory.ClassFormation.FieldUnitsHerbrand (10s)
✔ [4250/4409] Built ClassFieldTheory.AbstractClassFieldTheory.Degree.NormLaws (10s)
✔ [4251/4409] Built ClassFieldTheory.AlgebraicNumberTheory.Adele.RestrictedAction (13s)
✔ [4252/4409] Built ProCGroups.FiniteGroups.Classes (4.4s)
✔ [4253/4409] Built ValuedFieldTheory.Ramification.HilbertRamification.Dedekind.PrimeContractions (8.9s)
✔ [4254/4409] Built ValuedFieldTheory.Valuation.Henselian.Complete (9.1s)
✔ [4255/4409] Built ClassFieldTheory.AlgebraicNumberTheory.Idele.PrincipalNorm (14s)
✔ [4256/4409] Built ClassFieldTheory.AlgebraicNumberTheory.Idele.PrincipalTopology (12s)
✔ [4257/4409] Built ClassFieldTheory.LocalClassFieldTheory.ClassFormation.IntegerUnitsHerbrand (13s)
✔ [4258/4409] Built ClassFieldTheory.AbstractClassFieldTheory.Reciprocity.Construction.FrobeniusDescent (9.4s)
✔ [4259/4409] Built ClassFieldTheory.LocalClassFieldTheory.ClassFormation.NormalBasisRecursiveLifting (13s)
✔ [4260/4414] Built ClassFieldTheory.LocalClassFieldTheory.Finite.LocalReciprocity.IntrinsicAbsoluteData (9.3s)
✔ [4261/4414] Built ProCGroups.Generation.Basic (6.6s)
✔ [4262/4414] Built ValuedFieldTheory.Valuation.AbsoluteValue.AlgebraicExtension.Core (13s)
✔ [4263/4414] Built ClassFieldTheory.LocalClassFieldTheory.Finite.LocalReciprocity.FiniteGaloisRealization (12s)
✔ [4264/4416] Built ProCGroups.FiniteGroups.AllFinite (5.3s)
✔ [4265/4417] Built ProCGroups.InverseSystems.Utilities (4.1s)
✔ [4266/4417] Built ClassFieldTheory.AbstractClassFieldTheory.Degree.ValuationLaws (10s)
✔ [4267/4419] Built ClassFieldTheory.AbstractClassFieldTheory.Reciprocity.FieldRepresentation (10s)
✔ [4268/4424] Built ClassFieldTheory.AbstractClassFieldTheory.Degree.NormConjugation (11s)
✔ [4269/4424] Built ProCGroups.InverseSystems.Basic (8.6s)
✔ [4270/4427] Built ClassFieldTheory.AlgebraicNumberTheory.SUnit.GaloisAction (29s)
✔ [4273/4461] Built ClassFieldTheory.LocalClassFieldTheory.ClassFormation.NormalBasisCohomology (11s)
✔ [4278/4462] Built ProCGroups.Profinite.OpenSubgroups (4.9s)
✔ [4279/4465] Built ProCGroups.FiniteGroups.StandardClasses (6.1s)
✔ [4280/4465] Built ClassFieldTheory.AlgebraicNumberTheory.RayClass.Basic (14s)
✔ [4281/4465] Built ProCGroups.ProC.OpenNormalSubgroups.BasisAtOne (4.8s)
✔ [4282/4465] Built ProCGroups.InverseSystems.CompatibilityAndSurjectivity (5.2s)
✔ [4283/4465] Built ClassFieldTheory.AlgebraicNumberTheory.Idele.NormOneCompact (16s)
✔ [4284/4465] Built ValuedFieldTheory.Valuation.AbsoluteValue.AlgebraicExtension.UniqueExtensionCoefficients (12s)
✔ [4285/4466] Built ProCGroups.Profinite.Basic (4.6s)
✔ [4286/4466] Built ClassFieldTheory.AbstractClassFieldTheory.Degree.PrimeElements (9.3s)
✔ [4287/4466] Built ProCGroups.ProC.OpenNormalSubgroups.ClosedAndCosets (4.7s)
✔ [4288/4466] Built ValuedFieldTheory.Valuation.AbsoluteValue.AlgebraicExtension.FiniteNormExtension (13s)
✔ [4289/4466] Built ValuedFieldTheory.LocalField.GroupTheory.ContinuousQuotientEquiv (3.9s)
✔ [4290/4466] Built ProCGroups.ProC.OpenNormalSubgroups.Basic (4.0s)
✔ [4291/4466] Built ProCGroups.InverseSystems.CofinalityAndDensity (4.1s)
✔ [4292/4466] Built ProCGroups.Generation.Convergence (4.3s)
✔ [4293/4466] Built ClassFieldTheory.LocalClassFieldTheory.ClassFormation.Main (10s)
✔ [4294/4466] Built SawinTotallyRealTowers.GaloisPCompositum (5.7s)
✔ [4295/4472] Built GaloisCohomology.ProP.ContinuousH1Bridge (11s)
✔ [4297/4477] Built ProCGroups.ProC.OpenNormalSubgroups.FilteredFamilies (4.6s)
✔ [4300/4479] Built ValuedFieldTheory.Valuation.Henselian.UniqueAlgebraicExtensions (8.0s)
✔ [4301/4479] Built ProCGroups.ProC.OpenNormalSubgroups.ProCGroup (5.2s)
✔ [4302/4479] Built ProCGroups.InverseSystems.ProfiniteSpace (3.7s)
✔ [4303/4479] Built ValuedFieldTheory.LocalField.NonarchimedeanLocalField.SeparableNormValuation (45s)
✔ [4304/4479] Built ClassFieldTheory.AbstractClassFieldTheory.Reciprocity.Construction.PrimeChoice (7.1s)
✔ [4305/4479] Built ClassFieldTheory.AlgebraicNumberTheory.RayClass.FullModulus (10s)
✔ [4306/4479] Built ClassFieldTheory.AbstractClassFieldTheory.Reciprocity.Construction.NormSubgroup (7.5s)
✔ [4307/4479] Built ProCGroups.InverseSystems.ProjectionImageSystems (3.9s)
✔ [4308/4479] Built ClassFieldTheory.AbstractClassFieldTheory.Reciprocity.Construction.UnitCohomologyAxiom (8.8s)
✔ [4309/4479] Built ProCGroups.ProC.InverseLimits.FiniteQuotients (4.3s)
✔ [4310/4479] Built ValuedFieldTheory.Ramification.HilbertRamification.Dedekind.OrbitCardinality (6.1s)
✔ [4311/4479] Built ValuedFieldTheory.Ramification.HilbertRamification.Dedekind.TowerInvariants (6.1s)
✔ [4312/4479] Built ProCGroups.ProC.OpenNormalSubgroups.LimitPresentation (5.8s)
✔ [4313/4479] Built GaloisCohomology.ProP.FreeProPH2Cocycle (8.1s)
✔ [4314/4483] Built SawinTotallyRealTowers.RealCompositum (7.0s)
✔ [4315/4489] Built ProCGroups.InverseSystems.FiniteStageFactorization (6.4s)
✔ [4316/4490] Built ClassFieldTheory.LocalClassFieldTheory.Finite.LocalReciprocity.FiniteExtensionClassFieldAxiom (10s)
✔ [4317/4490] Built ClassFieldTheory.AbstractClassFieldTheory.Reciprocity.Construction.ReciprocityDefinition (7.1s)
✔ [4318/4492] Built ProCGroups.Generation.QuotientCriteria (4.2s)
✔ [4320/4496] Built ValuedFieldTheory.Ramification.GaloisValuation.AbsoluteGalois.FiniteLevelValuationRestriction (9.6s)
✔ [4322/4498] Built ClassFieldTheory.AbstractClassFieldTheory.Reciprocity.Construction.FiniteNormQuotient (7.7s)
✔ [4323/4498] Built ProCGroups.ProC.InverseLimits.Limits (5.2s)
✔ [4324/4499] Built ProCGroups.ProC.InverseLimits.Predicates (4.0s)
✔ [4325/4501] Built ClassFieldTheory.LocalClassFieldTheory.Finite.LocalReciprocity.TateTransport (7.0s)
✔ [4326/4501] Built ClassFieldTheory.AbstractClassFieldTheory.Reciprocity.ClassFieldAxiom (7.4s)
✔ [4327/4503] Built GaloisCohomology.ProP.H2CocycleExtension (7.2s)
✔ [4328/4506] Built ValuedFieldTheory.Valuation.AbsoluteValue.AlgebraicExtension.RamificationInvariants (14s)
✔ [4329/4506] Built GaloisCohomology.Kummer.Concrete.ContinuousCharacters (6.8s)
✔ [4330/4506] Built ValuedFieldTheory.Ramification.HilbertRamification.Dedekind.NumberFieldPrimes (8.5s)
✔ [4331/4506] Built ClassFieldTheory.AlgebraicNumberTheory.RayClass.Topology (16s)
✔ [4332/4506] Built ClassFieldTheory.AbstractClassFieldTheory.Reciprocity.Construction.ReciprocityIndependence (8.9s)
✔ [4333/4506] Built ProCGroups.ProC.Subgroups.Closed (5.3s)
✔ [4334/4506] Built ProCGroups.Completion.UniversalProperty (5.1s)
✔ [4335/4506] Built GaloisCohomology.Kummer.Concrete.RootCharacters (9.0s)
✔ [4336/4506] Built ClassFieldTheory.AbstractClassFieldTheory.Reciprocity.FiniteGaloisSubextension (8.7s)
✔ [4337/4507] Built ValuedFieldTheory.Ramification.GaloisValuation.AbsoluteGalois.AbsoluteRamification (12s)
✔ [4338/4507] Built GaloisCohomology.Kummer.Concrete.SUnitPreparation.PrimePowerKernelCoordinates (7.9s)
✔ [4339/4507] Built ClassFieldTheory.LocalClassFieldTheory.Finite.LocalReciprocity.SeparableUnitsNorm (11s)
✔ [4340/4507] Built ValuedFieldTheory.LocalField.Unramified.Definitions (9.9s)
✔ [4341/4507] Built ClassFieldTheory.AbstractClassFieldTheory.Reciprocity.CyclicNormQuotient (11s)
✔ [4342/4509] Built ValuedFieldTheory.Ramification.HilbertRamification.Dedekind.CompositumUnramified (9.5s)
✔ [4343/4509] Built ProCGroups.ProC.Category.Basic (5.9s)
✔ [4344/4510] Built ProCGroups.ProC.Subgroups.Products (5.9s)
✔ [4345/4510] Built ValuedFieldTheory.LocalField.GroupTheory.PowerIndex (13s)
✔ [4346/4512] Built ClassFieldTheory.AbstractClassFieldTheory.Reciprocity.Construction.UnramifiedNormQuotient (9.7s)
✔ [4348/4512] Built GaloisCohomology.ProP.FiniteTransgression (12s)
✔ [4350/4516] Built ClassFieldTheory.AbstractClassFieldTheory.Reciprocity.Construction.FiniteIntermediateCompositum (8.2s)
✔ [4351/4516] Built ProCGroups.Completion.FiniteQuotientLifts (6.9s)
✔ [4353/4517] Built ProCGroups.ProC.Quotients.LeftQuotientMaps (5.7s)
✔ [4354/4518] Built GaloisCohomology.Kummer.Concrete.RadicalQuotient (10s)
✔ [4355/4521] Built GaloisCohomology.GroupTheory.Finite (5.2s)
✔ [4356/4523] Built ClassFieldTheory.AbstractClassFieldTheory.Reciprocity.IntermediateExtension (9.9s)
✔ [4357/4559] Built ClassFieldTheory.LocalClassFieldTheory.Finite.LocalReciprocity.HenselianValuationBase (11s)
✔ [4358/4559] Built ClassFieldTheory.LocalClassFieldTheory.Finite.LocalReciprocity.SeparableFixedFieldNorm (10s)
✔ [4364/4560] Built ValuedFieldTheory.LocalField.Unramified.HenselianAlgebraicExtension (10s)
✔ [4365/4563] Built ProCGroups.ProC.Quotients.ClosedSubgroupNeighborhoods (4.9s)
✔ [4366/4565] Built ClassFieldTheory.AlgebraicNumberTheory.RayClass.Ideal (20s)
✔ [4367/4565] Built ClassFieldTheory.AbstractClassFieldTheory.Reciprocity.Construction.CanonicalUnramifiedNormQuotient (9.9s)
✔ [4370/4565] Built GaloisCohomology.Kummer.Concrete.FiniteCharacterEquiv (9.1s)
✔ [4371/4565] Built ClassFieldTheory.AbstractClassFieldTheory.Reciprocity.Construction.CoreFrobeniusNorm (14s)
✔ [4372/4565] Built ClassFieldTheory.LocalClassFieldTheory.Finite.LocalReciprocity.FiniteAbstractFixedField (16s)
✔ [4373/4565] Built ProCGroups.ProC.Quotients.OpenSubgroupSections (6.0s)
✔ [4374/4565] Built SawinTotallyRealTowers.SixPrimeSupport (8.6s)
✔ [4375/4565] Built ClassFieldTheory.LocalClassFieldTheory.Finite.Unramified.PrincipalUnits.NormSide (12s)
✔ [4376/4574] Built GaloisCohomology.Kummer.FiniteKummerCoefficientH2 (9.1s)
✔ [4377/4574] Built ClassFieldTheory.LocalClassFieldTheory.Finite.Existence.UnramifiedNormSubgroup (11s)
✔ [4378/4574] Built ValuedFieldTheory.Valuation.AbsoluteValue.ExponentialValuation (11s)
✔ [4379/4574] Built ValuedFieldTheory.Ramification.GaloisValuation.AbsoluteGalois.InfiniteGaloisCorrespondence (24s)
✔ [4380/4574] Built ValuedFieldTheory.LocalField.NonarchimedeanLocalField.UnramifiedFrobenius (17s)
✔ [4381/4574] Built GaloisCohomology.Kummer.Concrete.InfiniteContinuity (9.3s)
✔ [4382/4576] Built GaloisCohomology.Kummer.Concrete.FiniteGeneration (9.1s)
✔ [4383/4581] Built ClassFieldTheory.AlgebraicNumberTheory.RayClass.Approximation (14s)
✔ [4384/4581] Built ProCGroups.ProC.Quotients.DescendingClosedSubgroupQuotients (5.2s)
✔ [4385/4582] Built ClassFieldTheory.AbstractClassFieldTheory.Reciprocity.Construction.FiniteIntermediateFieldCompositum (8.2s)
✔ [4386/4582] Built ClassFieldTheory.AbstractClassFieldTheory.Reciprocity.Construction.FrobeniusClosureCommutation (9.3s)
✔ [4387/4582] Built ClassFieldTheory.AbstractClassFieldTheory.Reciprocity.Construction.UniversalNormDescent (10s)
✔ [4388/4582] Built ClassFieldTheory.LocalClassFieldTheory.Finite.Unramified.PrincipalUnits.Basic (10s)
✔ [4389/4582] Built ClassFieldTheory.LocalClassFieldTheory.Finite.LocalReciprocity.AbstractFixedFieldUnits (12s)
✔ [4390/4583] Built ProCGroups.ProC.Quotients.LeftQuotientProjectionSections (5.5s)
✔ [4391/4583] Built GaloisCohomology.ProP.FiniteTransgressionKernel (11s)
✔ [4392/4583] Built GaloisCohomology.Kummer.Concrete.FiniteDualSeparation (8.7s)
✔ [4393/4583] Built GaloisCohomology.Kummer.Concrete.InfiniteCharacterEquiv (9.2s)
✔ [4394/4583] Built GaloisCohomology.ProP.DiscreteH2CochainComparison (7.4s)
✔ [4395/4584] Built GaloisCohomology.ProP.ContinuousH1CupCochain (10s)
✔ [4396/4584] Built ClassFieldTheory.LocalClassFieldTheory.Finite.LocalReciprocity.ResidueAlgebraicClosureDegree (14s)
✔ [4397/4584] Built ValuedFieldTheory.Valuation.Completion.AbsoluteValueExtensions (17s)
✔ [4398/4585] Built ProCGroups.Generation.GeneratorConvergingPairs (5.7s)
✔ [4399/4585] Built ProCGroups.ProC.Quotients.ClosedNormal (5.2s)
✔ [4400/4585] Built ClassFieldTheory.AbstractClassFieldTheory.Reciprocity.Construction.FrobeniusPowerFixedField (9.3s)
✔ [4401/4585] Built ClassFieldTheory.AlgebraicNumberTheory.Idele.SinglePlace (14s)
✔ [4402/4585] Built ClassFieldTheory.AbstractClassFieldTheory.Reciprocity.Construction.FrobeniusFixedFieldAction (10s)
✔ [4403/4585] Built ClassFieldTheory.AbstractClassFieldTheory.Reciprocity.Construction.FrobeniusQuotientDescent (10s)
✔ [4404/4585] Built ValuedFieldTheory.Ramification.GaloisValuation.AbsoluteGalois.FiniteExtensionCorrespondence (20s)
✔ [4405/4585] Built ClassFieldTheory.LocalClassFieldTheory.Finite.Unramified.PrincipalUnits.Trace (12s)
✔ [4406/4585] Built GaloisCohomology.ProP.ContinuousH1CupProduct (6.0s)
✔ [4407/4586] Built ClassFieldTheory.LocalClassFieldTheory.Finite.LocalReciprocity.AbstractFixedFieldNorm (13s)
✔ [4408/4589] Built GaloisCohomology.Kummer.Concrete.AbsoluteKummerH1 (10s)
✔ [4409/4589] Built ClassFieldTheory.LocalClassFieldTheory.Finite.LocalReciprocity.LocalClassFieldAxiom (14s)
✔ [4410/4591] Built GaloisCohomology.ProP.H2CocycleExtensionLiftDifference (6.7s)
✔ [4411/4594] Built GaloisCohomology.ProP.DiscreteH2ShortComplexComparison (10s)
✔ [4412/4595] Built ValuedFieldTheory.Ramification.HilbertRamification.AbsoluteValueConjugacy (9.7s)
✔ [4413/4596] Built ProCGroups.Generation.QuotientGeneratorConvergingPairs (8.8s)
✔ [4415/4596] Built ClassFieldTheory.LocalClassFieldTheory.Finite.LocalReciprocity.ResidueAlgebraicallyClosed (11s)
✔ [4417/4596] Built ClassFieldTheory.AbstractClassFieldTheory.Reciprocity.Construction.FrobeniusFixedFieldTower (9.0s)
✔ [4418/4596] Built ValuedFieldTheory.Valuation.Completion.FiniteLocalization (14s)
✔ [4419/4596] Built ClassFieldTheory.LocalClassFieldTheory.Finite.LocalReciprocity.FiniteResidueValuationComparison (10s)
✔ [4420/4596] Built ProCGroups.FiniteGeneration.Basic (5.2s)
✔ [4421/4620] Built SawinTotallyRealTowers.UnramifiedProPRelationRank.Global.PClassGroup (9.5s)
✔ [4454/4637] Built GaloisCohomology.Kummer.Concrete.InfiniteGeneration (8.1s)
✔ [4458/4638] Built SawinTotallyRealTowers.UnramifiedProPRelationRank.Kummer.AbsoluteKummerH1Linear (9.9s)
✔ [4459/4638] Built GaloisCohomology.Kummer.Concrete.RadicalExtension (10s)
✔ [4460/4638] Built ValuedFieldTheory.Ramification.HilbertRamification.DecompositionGroup (9.7s)
✔ [4461/4641] Built ProCGroups.FiniteGeneration.CharacteristicChainsAndIndices (5.2s)
✔ [4462/4641] Built GaloisCohomology.ProP.DiscreteH2Comparison (12s)
✔ [4463/4641] Built SawinTotallyRealTowers.QuadraticClosure (5.4s)
✔ [4464/4641] Built ClassFieldTheory.AbstractClassFieldTheory.Reciprocity.Construction.FiniteFieldUnitMaps (8.5s)
✔ [4465/4641] Built ClassFieldTheory.LocalClassFieldTheory.Finite.Unramified.PrincipalUnits.Lift (15s)
✔ [4466/4641] Built ClassFieldTheory.LocalClassFieldTheory.Finite.LocalReciprocity.ResidueDatum (11s)
✔ [4467/4641] Built SawinTotallyRealTowers.QuadraticBasis (5.1s)
✔ [4468/4641] Built GaloisCohomology.Kummer.Concrete.ExtensionRoundTrip (7.0s)
✔ [4469/4641] Built ValuedFieldTheory.Valuation.Completion.CanonicalTensorMap (11s)
✔ [4470/4641] Built GaloisCohomology.Kummer.Concrete.FiniteSupport (7.8s)
✔ [4471/4641] Built SawinTotallyRealTowers.QuadraticGenerator (5.9s)
✔ [4472/4642] Built GaloisCohomology.Kummer.Concrete.RestrictedFinite (9.1s)
✔ [4473/4642] Built SawinTotallyRealTowers.UnramifiedProPRelationRank.Kummer.AbsoluteMuPTopRep (14s)
✔ [4474/4644] Built ValuedFieldTheory.Ramification.HilbertRamification.DecompositionField (10s)
✔ [4475/4644] Built ClassFieldTheory.AlgebraicNumberTheory.RayClass.Narrow (16s)
✔ [4476/4644] Built ProCGroups.FreeProC.Basic (11s)
✔ [4477/4644] Built ValuedFieldTheory.Ramification.HilbertRamification.BaseChange (12s)
✔ [4478/4644] Built ValuedFieldTheory.Valuation.Completion.ExtensionFactorClassification (20s)
✔ [4479/4644] Built SawinTotallyRealTowers.SquarefreeIntegralCoordinates (4.2s)
✔ [4480/4644] Built SawinTotallyRealTowers.QuadraticTrace (6.8s)
✔ [4481/4649] Built GaloisCohomology.ProP.DiscreteH2Representatives (11s)
✔ [4482/4649] Built ClassFieldTheory.AbstractClassFieldTheory.Reciprocity.Construction.FixedTowerUnitCorrection (11s)
✔ [4483/4649] Built ValuedFieldTheory.Ramification.HilbertRamification.AlgebraicLocalization (17s)
✔ [4484/4649] Built ClassFieldTheory.LocalClassFieldTheory.Finite.Unramified.ResidueNorm (11s)
✔ [4485/4649] Built ClassFieldTheory.LocalClassFieldTheory.Finite.LocalReciprocity.ResidueActionIndex (12s)
✔ [4486/4649] Built SawinTotallyRealTowers.QuadraticIntegralGenerator (5.5s)
✔ [4487/4649] Built ProCGroups.Presentations.Profinite (6.1s)
✔ [4488/4649] Built SawinTotallyRealTowers.UnramifiedProPRelationRank.Kummer.AbsoluteMuPTrivialization (11s)
✔ [4489/4651] Built SawinTotallyRealTowers.UnramifiedProPRelationRank.Radical.IdealPowerRadical (13s)
✔ [4491/4651] Built ProCGroups.FreeProC.FiniteBasis (6.4s)
✔ [4492/4651] Built ValuedFieldTheory.Ramification.HilbertRamification.DecompositionFieldExtension (10s)
✔ [4493/4651] Built GaloisCohomology.Kummer.Concrete.InfiniteInverse (14s)
✔ [4494/4651] Built SawinTotallyRealTowers.UnramifiedProPRelationRank.Global.ProfiniteIntegerFree (9.7s)
✔ [4495/4651] Built SawinTotallyRealTowers.UnramifiedProPRelationRank.Kummer.AbsoluteDiscreteKernelField (12s)
✔ [4496/4651] Built SawinTotallyRealTowers.UnramifiedProPRelationRank.Kummer.FiniteUnitBoundaryMuPPrimitive (15s)
✔ [4497/4651] Built SawinTotallyRealTowers.QuadraticBasisDiscriminant (5.8s)
✔ [4498/4651] Built ValuedFieldTheory.Ramification.HilbertRamification.ValuationInertiaAlgEquiv (9.9s)
✔ [4499/4651] Built SawinTotallyRealTowers.QuadraticIntegralCoordinates (5.9s)
✔ [4500/4651] Built SawinTotallyRealTowers.QuadraticIntegralParity (3.9s)
✔ [4501/4653] Built SawinTotallyRealTowers.UnramifiedProPRelationRank.Local.FinitePlaceH2Localization (12s)
✔ [4502/4653] Built ClassFieldTheory.LocalClassFieldTheory.ClassFormation.LocalBlocks.Induced (11s)
✔ [4503/4653] Built ClassFieldTheory.LocalClassFieldTheory.Finite.Unramified.Norm (10s)
✔ [4504/4653] Built ValuedFieldTheory.Ramification.HilbertRamification.LocalizationDensity (17s)
✔ [4505/4653] Built ProCGroups.ProP.Presentation.Basic (6.1s)
✔ [4506/4653] Built ClassFieldTheory.AbstractClassFieldTheory.Reciprocity.Construction.FixedTowerUnitDescent (12s)
✔ [4507/4653] Built ValuedFieldTheory.Valuation.Completion.TensorProductDecomposition (14s)
✔ [4508/4653] Built SawinTotallyRealTowers.UnramifiedProPRelationRank.Kummer.FiniteKummerMuPCoefficients (9.9s)
✔ [4509/4653] Built ValuedFieldTheory.Ramification.HilbertRamification.AlgebraicLocalizationTopology (13s)
✔ [4510/4653] Built SawinTotallyRealTowers.QuadraticIntegerRepresentation (6.1s)
✔ [4511/4653] Built ProCGroups.Cohomology.FreeProPProjective (5.8s)
✔ [4512/4655] Built SawinTotallyRealTowers.UnramifiedProPRelationRank.Global.ProfiniteIntegerH2 (9.3s)
✔ [4513/4655] Built GaloisCohomology.Kummer.Concrete.KummerCorrespondenceFormula (11s)
✔ [4514/4655] Built GaloisCohomology.ProP.PresentationQuotientEquiv (7.2s)
✔ [4515/4655] Built ClassFieldTheory.AlgebraicNumberTheory.Galois.AbsoluteAbelianization (9.2s)
✔ [4516/4655] Built ClassFieldTheory.LocalClassFieldTheory.ClassFormation.LocalBlocks.Family.Instances (10s)
✔ [4517/4655] Built ClassFieldTheory.LocalClassFieldTheory.Finite.LocalReciprocity.LocalResidueDatum (21s)
✔ [4518/4655] Built ClassFieldTheory.AbstractClassFieldTheory.Reciprocity.Construction.InfiniteUnitDescent (9.0s)
✔ [4519/4658] Built ClassFieldTheory.LocalClassFieldTheory.Finite.Unramified.Cohomology (13s)
✔ [4520/4659] Built SawinTotallyRealTowers.QuadraticIntegerBasis (6.9s)
✔ [4522/4660] Built GaloisCohomology.ProP.FreeProPH2 (8.0s)
✔ [4524/4661] Built GaloisCohomology.Kummer.Concrete.Cyclotomic.RationalCyclotomicField (8.4s)
✔ [4525/4661] Built ValuedFieldTheory.Valuation.Completion.DegreeNormTrace (12s)
✔ [4527/4662] Built SawinTotallyRealTowers.QuadraticFieldDiscriminant (6.6s)
✔ [4529/4662] Built SawinTotallyRealTowers.UnramifiedProPRelationRank.Global.GlobalMaximalAbelianRestriction (11s)
✔ [4530/4662] Built ClassFieldTheory.AbstractClassFieldTheory.Reciprocity.Construction.InfiniteUnitNormSubgroup (8.5s)
✔ [4532/4662] Built GaloisCohomology.ProfiniteIntegers.ProfiniteIntegerPrimeProduct (6.9s)
✔ [4533/4662] Built ClassFieldTheory.KummerTheory.Concrete.SUnitPreparation.SUnitPowerQuotient (14s)
✔ [4534/4665] Built ClassFieldTheory.LocalClassFieldTheory.ClassFormation.LocalBlocks.Family.H0 (13s)
✔ [4535/4673] Built GaloisCohomology.Kummer.Concrete.Cyclotomic.RationalCyclotomicTorsionField (9.1s)
✔ [4544/4674] Built SawinTotallyRealTowers.UnramifiedProPRelationRank.Local.LocalUnramifiedH2Vanishing (15s)
✔ [4545/4674] Built GaloisCohomology.ProP.PresentationH2Primitive (11s)
✔ [4546/4674] Built GaloisCohomology.ProfiniteIntegers.ProfiniteIntegerUnits (6.4s)
✔ [4547/4676] Built GaloisCohomology.ProfiniteIntegers.CyclotomicTorsionQuotient (5.9s)
✔ [4548/4680] Built ValuedFieldTheory.LocalField.DiscreteValuationField.IwasawaIndexing (6.3s)
✔ [4549/4688] Built ValuedFieldTheory.Valuation.Completion.ExtensionInvariants (13s)
✔ [4550/4688] Built ClassFieldTheory.AlgebraicNumberTheory.Idele.Extension.LocalNorm (13s)
✔ [4552/4691] Built GaloisCohomology.ProP.H2CentralExtensionClass (7.0s)
✔ [4553/4691] Built ValuedFieldTheory.Valuation.Topology.CompatibleInverseLimit (3.8s)
✔ [4554/4693] Built SawinTotallyRealTowers.UnramifiedProPRelationRank.Radical.OrdinaryUnitModP (13s)
✔ [4555/4693] Built ValuedFieldTheory.Valuation.Topology.Models (3.0s)
✔ [4556/4695] Built ClassFieldTheory.LocalClassFieldTheory.ClassFormation.LocalBlocks.Family.HMinusOne (12s)
✔ [4557/4698] Built ClassFieldTheory.LocalClassFieldTheory.Finite.LocalReciprocity.FiniteSubgroupResidueDegree (25s)
✔ [4558/4698] Built ClassFieldTheory.AbstractClassFieldTheory.Reciprocity.Construction.Universal (17s)
✔ [4559/4698] Built ClassFieldTheory.LocalClassFieldTheory.ClassFormation.LocalBlocks.Tensor (37s)
✔ [4560/4698] Built ValuedFieldTheory.LocalField.DiscreteValuationField.Basic (8.3s)
✔ [4561/4698] Built ValuedFieldTheory.Ramification.HilbertRamification.LocalizationRamificationGroups (44s)
✔ [4562/4701] Built GaloisCohomology.Kummer.Concrete.Cyclotomic.RationalCyclotomicCharacter (16s)
✔ [4563/4702] Built GaloisCohomology.ProP.H2CocycleExtensionLinearLifts (10s)
✔ [4564/4702] Built GaloisCohomology.ProP.H2CocycleExtensionSplitting (10s)
✔ [4565/4702] Built ValuedFieldTheory.LocalField.Analytic.Arithmetic (12s)
✔ [4566/4702] Built ValuedFieldTheory.LocalField.DiscreteValuationField.FieldNormBase (11s)
✔ [4567/4704] Built ValuedFieldTheory.Valuation.Topology.AdicCompletionInverseLimitRing (15s)
✔ [4568/4704] Built ClassFieldTheory.AbstractClassFieldTheory.Reciprocity.Construction.ChosenDegreeOneFrobenius (10s)
✔ [4569/4704] Built SawinTotallyRealTowers.UnramifiedProPRelationRank.Radical.IdealPowerRadicalExact (16s)
✔ [4570/4705] Built ClassFieldTheory.AbstractClassFieldTheory.Reciprocity.Construction.MainMultiplicativity.FrobeniusActionRemainder (12s)
✔ [4571/4706] Built ValuedFieldTheory.LocalField.DiscreteValuationField.ValuationSubringUnits.CyclicValueGroup (9.1s)
✔ [4572/4706] Built ValuedFieldTheory.LocalField.DiscreteValuationField.ValuationSubringUnits.RangeRestriction (9.6s)
✔ [4573/4707] Built ValuedFieldTheory.LocalField.Analytic.DenominatorValuation (9.5s)
✔ [4574/4707] Built ValuedFieldTheory.Ramification.HilbertRamification.DecompositionFieldLocalization (23s)
✔ [4575/4707] Built ValuedFieldTheory.LocalField.DiscreteValuationField.RamificationInvariants (9.3s)
✔ [4576/4707] Built GaloisCohomology.ProP.H2CocycleExtensionPullback (8.6s)
✔ [4577/4707] Built ValuedFieldTheory.LocalField.DiscreteValuationField.ValuationSubringUnits.ValuationSubringUnitMap (7.6s)
✔ [4578/4707] Built ValuedFieldTheory.LocalField.DiscreteValuationField.ValuationSubringUnits.IntegerValuation (9.7s)
✔ [4579/4707] Built ClassFieldTheory.AbstractClassFieldTheory.Reciprocity.Construction.MainMultiplicativity.PrimeUnitDifferences (8.9s)
✔ [4580/4707] Built ClassFieldTheory.AbstractClassFieldTheory.Reciprocity.Construction.MainMultiplicativity.NormClassRelation (8.9s)
✔ [4581/4707] Built ClassFieldTheory.AlgebraicNumberTheory.Adele.InfinitePlaceTensorBlock (20s)
✔ [4582/4707] Built ClassFieldTheory.AbstractClassFieldTheory.Reciprocity.Construction.MainMultiplicativity.FrobeniusPowerSumRelation (8.5s)
✔ [4583/4707] Built SawinTotallyRealTowers.UnramifiedProPRelationRank.Radical.IdealPowerRadicalModule (11s)
✔ [4584/4710] Built ValuedFieldTheory.Valuation.Topology.AdicCompletionInverseLimit (14s)
✔ [4585/4710] Built ClassFieldTheory.AbstractClassFieldTheory.Reciprocity.Construction.MainMultiplicativity.CorrectionSum (8.7s)
✔ [4637/4780] Built ClassFieldTheory.LocalClassFieldTheory.Finite.LocalReciprocity.FiniteResidueFinrankTransfer (30s)
✔ [4638/4799] Built ClassFieldTheory.AbstractClassFieldTheory.Reciprocity.Construction.MainMultiplicativity.ConjugatePrimeNorm (9.1s)
✔ [4639/4799] Built ValuedFieldTheory.Valuation.DiscreteValuationField.CompleteDVRExpansion (7.5s)
✔ [4641/4801] Built ValuedFieldTheory.LocalField.DiscreteValuationField.RamificationIdeal (8.2s)
✔ [4642/4803] Built ClassFieldTheory.LocalClassFieldTheory.ClassFormation.LocalizedCompletionCohomology.CompMulEquiv (10s)
✔ [4643/4803] Built ValuedFieldTheory.LocalField.DiscreteValuationField.ValuationSubringUnits.IntegerValuationUniformizer (7.7s)
✔ [4644/4811] Built ClassFieldTheory.AbstractClassFieldTheory.Reciprocity.Construction.MainMultiplicativity.FiniteStageCorrections (7.0s)
✔ [4645/4811] Built ValuedFieldTheory.LocalField.DiscreteValuationField.ValuationSubringUnits.SeriesValuationEstimates (8.4s)
✔ [4646/4819] Built ValuedFieldTheory.LocalField.Analytic.LogExpSeries.FormalCoreBase.PowerSeriesComposition (5.9s)
✔ [4647/4819] Built ValuedFieldTheory.LocalField.DiscreteValuationField.PadicLinearOfContinuous (5.6s)
✔ [4648/4820] Built ValuedFieldTheory.LocalField.Padic.NonarchimedeanLocalField (6.1s)
✔ [4649/4827] Built SawinTotallyRealTowers.UnramifiedProPRelationRank.Kummer.FiniteKummerAbsoluteLift (10s)
✔ [4650/4827] Built GaloisCohomology.Kummer.Concrete.Cyclotomic.RationalCyclotomicCharacterEquiv (28s)
✔ [4651/4827] Built ValuedFieldTheory.LocalField.DiscreteValuationField.PrincipalUnitPadicAction.InverseLimitCore (9.0s)
✔ [4652/4830] Built ValuedFieldTheory.LocalField.Analytic.LogExpSeries.FormalCoreBase.ProductArgument (5.6s)
✔ [4653/4851] Built ValuedFieldTheory.LocalField.DiscreteValuationField.ValuationSubringUnits.ValuedExtensionUnitMap (8.3s)
✔ [4654/4851] Built ValuedFieldTheory.Ramification.GaloisValuation.IntermediateFieldRestriction (5.0s)
✔ [4655/4870] Built ClassFieldTheory.AlgebraicNumberTheory.Galois.InfiniteBaseChange (6.7s)
✔ [4656/4870] Built ValuedFieldTheory.LocalField.DiscreteValuationField.ValuationSubringUnits.CompleteRangeRestriction (8.3s)
✔ [4657/4873] Built ValuedFieldTheory.LocalField.NonarchimedeanLocalField.FiniteExtensionTopology (7.3s)
✔ [4658/4876] Built ClassFieldTheory.LocalClassFieldTheory.Finite.LocalReciprocity.LocalHenselianValuation (13s)
✔ [4660/4894] Built ValuedFieldTheory.LocalField.NonarchimedeanLocalField.NormalizedIntegerValuation (8.2s)
✔ [4661/4894] Built ClassFieldTheory.AbstractClassFieldTheory.Reciprocity.Construction.MainMultiplicativity.ReciprocityMapMul (10.0s)
✔ [4662/4894] Built ValuedFieldTheory.LocalField.Analytic.LogExpSeries.FormalCoreBase.BasicFactors (4.0s)
✔ [4663/4895] Built ValuedFieldTheory.LocalField.DiscreteValuationField.PrincipalUnitPadicAction.TopologyModelTypes (8.6s)
✔ [4664/4896] Built SawinTotallyRealTowers.FiniteKummerAbsoluteKernel (9.4s)
✔ [4665/4896] Built ClassFieldTheory.LocalClassFieldTheory.ClassFormation.LocalizedCompletionCohomology.Algebra (14s)
✔ [4666/4896] Built GaloisCohomology.Cyclic.Herbrand.HerbrandLowDegree.BinaryProduct (6.9s)
✔ [4667/4897] Built ClassFieldTheory.LocalClassFieldTheory.Finite.LocalReciprocity.FixedFieldRelativeNorm (9.1s)
✔ [4668/4902] Built GaloisCohomology.Cyclic.Herbrand.HerbrandLowDegree.Index (6.5s)
✔ [4669/4902] Built ValuedFieldTheory.LocalField.DiscreteValuationField.ValuationSubringUnits.RangeRestrictedTopology (9.3s)
✔ [4670/4907] Built ValuedFieldTheory.LocalField.DiscreteValuationField.ValuationSubringUnits.UniformizerIntegerValuation (8.5s)
✔ [4671/4907] Built ClassFieldTheory.AlgebraicNumberTheory.Ramification.FiniteRamifiedPrimes (10s)
✔ [4673/4914] Built ValuedFieldTheory.LocalField.Analytic.LogExpSeries.FormalCoreBase.ChoiceCountSystem (5.0s)
✔ [4674/4918] Built ClassFieldTheory.AlgebraicNumberTheory.Idele.Extension.EmbeddingNorm (12s)
✔ [4675/4923] Built ClassFieldTheory.AbstractClassFieldTheory.Reciprocity.Construction.MainFiniteReciprocity (10s)
✔ [4676/4923] Built ClassFieldTheory.GlobalClassFieldTheory.ClassFieldAxiom.IdeleClassPowerLocalUnitQuotient.FinitePlaceCompletionInstances (9.5s)
✔ [4677/4924] Built ValuedFieldTheory.LocalField.Analytic.LogExpSeries.FormalCoreBase.ExplicitChoiceCounts (6.1s)
✔ [4678/4924] Built ValuedFieldTheory.LocalField.DiscreteValuationField.PrincipalUnitPadicAction.InverseLimitTopology (12s)
✔ [4679/4924] Built SawinTotallyRealTowers.FiniteKummerContinuousKernel (11s)
✔ [4680/4928] Built ValuedFieldTheory.LocalField.DiscreteValuationField.ValuationSubringUnits.LocalFieldRangeRestriction (8.1s)
✔ [4681/4928] Built ClassFieldTheory.LocalClassFieldTheory.ClassFormation.LocalizedCompletionCohomology.Generator (11s)
✔ [4682/4928] Built ClassFieldTheory.KummerTheory.Concrete.SUnitPreparation.FullSUnitKummerExtension (11s)
✔ [4683/4928] Built ClassFieldTheory.AlgebraicNumberTheory.Idele.Cohomology.HerbrandExactSequence (11s)
✔ [4684/4929] Built ValuedFieldTheory.LocalField.Analytic.LogExpSeries.FormalCoreBase.ChoicePositions (5.6s)
✔ [4685/4929] Built ClassFieldTheory.GlobalClassFieldTheory.ClassFieldAxiom.IdelePowerLocalUnitSubgroup (12s)
✔ [4686/4930] Built ClassFieldTheory.KummerTheory.Concrete.SUnitPreparation.SUnitLocalPowerKernel (13s)
✔ [4687/4930] Built GaloisCohomology.Kummer.Concrete.MaximalKummerSubgroup (9.3s)
✔ [4688/4933] Built ValuedFieldTheory.LocalField.DiscreteValuationField.PrincipalUnitPadicAction.AdicProdiscreteComparison (8.8s)
✔ [4689/4934] Built ClassFieldTheory.AbstractClassFieldTheory.Reciprocity.Construction.MainNaturality (12s)
✔ [4690/4934] Built ValuedFieldTheory.Ramification.Different (13s)
✔ [4691/4939] Built ValuedFieldTheory.LocalField.NonarchimedeanLocalField.StandardOpenSubgroups (7.7s)
✔ [4692/4939] Built ValuedFieldTheory.LocalField.Analytic.LogExpSeries.FormalCore (7.3s)
✔ [4693/4939] Built ValuedFieldTheory.LocalField.DiscreteValuationField.PrincipalUnitPadicAction.FiniteQuotientPadicModule (13s)
✔ [4694/4939] Built ValuedFieldTheory.LocalField.DiscreteValuationField.WithZeroValuationTopology (10s)
✔ [4695/4942] Built ValuedFieldTheory.LocalField.DiscreteValuationField.MixedCharacteristicQp (14s)
✔ [4696/4945] Built ValuedFieldTheory.LocalField.DiscreteValuationField.EqualCharacteristicLaurent (15s)
✔ [4697/4946] Built ValuedFieldTheory.LocalField.DiscreteValuationField.FieldUnitDecomposition (14s)
✔ [4698/4946] Built ClassFieldTheory.KummerTheory.Concrete.SUnitPreparation.FiniteRadicalSupport (13s)
✔ [4699/4946] Built ClassFieldTheory.AlgebraicNumberTheory.TensorProduct (7.0s)
✔ [4700/4946] Built GaloisCohomology.Kummer.Concrete.LocalUnitKummerUnramified (11s)
✔ [4701/4953] Built ValuedFieldTheory.LocalField.NonarchimedeanLocalField.UniformizerPrincipalQuotient (9.3s)
✔ [4702/4959] Built ClassFieldTheory.LocalClassFieldTheory.ClassFormation.LocalizedCompletionCohomology.HerbrandEquiv (18s)
✔ [4703/4959] Built ClassFieldTheory.AlgebraicNumberTheory.Galois.CyclicPrimeDegreeSubextension (11s)
✔ [4704/4962] Built ValuedFieldTheory.LocalField.Analytic.LogExpSeries.FormalProduct (9.0s)
✔ [4705/4968] Built ClassFieldTheory.GlobalClassFieldTheory.ClassFieldAxiom.SupportedIdelePowerLocalUnitQuotient (15s)
✔ [4707/4968] Built ValuedFieldTheory.LocalField.DiscreteValuationField.PrincipalUnitPadicAction.ProdiscretePadicModule (11s)
✔ [4708/4988] Built ValuedFieldTheory.LocalField.Analytic.FieldUnitLogUniqueness (8.8s)
✔ [4715/4988] Built ClassFieldTheory.LubinTate.FormalModule.Series (6.8s)
✔ [4716/4988] Built ValuedFieldTheory.Valuation.DiscreteValuationField.AddVal (5.2s)
✔ [4717/4988] Built ClassFieldTheory.KummerTheory.Concrete.CyclotomicPrimeBaseChange (8.4s)
✔ [4718/4991] Built ClassFieldTheory.AlgebraicNumberTheory.RayClass.Rational (13s)
✔ [4719/4994] Built ClassFieldTheory.LubinTate.FormalModule.LinearTerm (5.4s)
✔ [4720/4994] Built ValuedFieldTheory.Ramification.HilbertRamification.Polynomial (3.8s)
✔ [4721/4996] Built ValuedFieldTheory.LocalField.DiscreteValuationField.PowerIndex (14s)
✔ [4722/4997] Built ValuedFieldTheory.Ramification.HilbertRamification.RealLowerGroups (8.2s)
✔ [4723/4998] Built ClassFieldTheory.KummerTheory.Concrete.SUnitPreparation.EnlargedSUnitRestriction (17s)
✔ [4724/4998] Built ValuedFieldTheory.LocalField.Analytic.LogExpSeries.SeriesTerms (12s)
✔ [4725/4998] Built ClassFieldTheory.LubinTate.FormalModule.CoefficientEquation (7.3s)
✔ [4726/4998] Built ClassFieldTheory.LocalClassFieldTheory.ClassFormation.LocalizedCompletionCohomology.Finite (13s)
✔ [4727/4998] Built ValuedFieldTheory.LocalField.DiscreteValuationField.PrincipalUnitPadicAction.AdicPadicModule (9.8s)
✔ [4728/4998] Built ClassFieldTheory.LubinTate.FormalModule.Intertwiner (7.1s)
✔ [4729/4998] Built ValuedFieldTheory.LocalField.DiscreteValuationField.RamificationAddVal (8.6s)
✔ [4730/4998] Built ValuedFieldTheory.LocalField.DiscreteValuationField.PolynomialRootProximity (4.5s)
✔ [4731/5004] Built ValuedFieldTheory.Ramification.HilbertRamification.GaloisStabilizer (4.9s)
✔ [4732/5006] Built ValuedFieldTheory.Ramification.HilbertRamification.CompleteDVF (10s)
✔ [4733/5006] Built ClassFieldTheory.GlobalClassFieldTheory.Reciprocity.RationalPrimeFactorization (12s)
✔ [4734/5008] Built ValuedFieldTheory.Ramification.HilbertRamification.UniqueExtensionIntegralClosure (6.9s)
✔ [4735/5008] Built ClassFieldTheory.LubinTate.FormalModule.StandardSeries (6.6s)
✔ [4736/5022] Built ValuedFieldTheory.LocalField.DiscreteValuationField.PadicPowerIndex (11s)
✔ [4758/5037] Built ValuedFieldTheory.LocalField.DiscreteValuationField.PrincipalUnitPadicAction.WithZeroValuationTopology (8.1s)
✔ [4760/5037] Built ValuedFieldTheory.LocalField.Analytic.LogExpSeries.ExpConvergence (10s)
✔ [4762/5038] Built ClassFieldTheory.KummerTheory.Concrete.SUnitPreparation.Core (10s)
✔ [4763/5040] Built ClassFieldTheory.LubinTate.FormalModule.Reduction (6.8s)
✔ [4764/5067] Built ValuedFieldTheory.Valuation.Topology.AdicContractingFixedPoint (4.3s)
✔ [4766/5071] Built ClassFieldTheory.LocalClassFieldTheory.ClassFormation.LocalizedCompletionCohomology.Cardinality.H0 (11s)
✔ [4767/5076] Built ClassFieldTheory.AlgebraicNumberTheory.FiniteAbelianCompositum (7.4s)
✔ [4768/5092] Built ValuedFieldTheory.Ramification.Herbrand.Function (8.4s)
✔ [4769/5097] Built ValuedFieldTheory.Ramification.Herbrand.Tower (8.0s)
✔ [4770/5097] Built ClassFieldTheory.LubinTate.FiniteLevel.DivisionPolynomial (7.1s)
✔ [4771/5097] Built ValuedFieldTheory.Ramification.HilbertRamification.Monogeneity (9.0s)
✔ [4772/5097] Built ValuedFieldTheory.LocalField.DiscreteValuationField.PrincipalUnitPadicAction.Core (8.2s)
✔ [4773/5097] Built ClassFieldTheory.LubinTate.FormalModule.RecursiveCoefficient (6.4s)
✔ [4774/5100] Built ClassFieldTheory.AlgebraicNumberTheory.Galois.FixedFieldLattice (4.7s)
✔ [4775/5100] Built ClassFieldTheory.LubinTate.FiniteLevel.ParameterCongruence (5.7s)
✔ [4776/5100] Built ValuedFieldTheory.Valuation.DiscreteValuationField.AmbientUniformizer (8.2s)
✔ [4777/5102] Built ValuedFieldTheory.LocalField.Analytic.LogExpSeries.LogConvergence (10s)
✔ [4778/5103] Built ClassFieldTheory.LubinTate.FiniteLevel.PrimitiveEisenstein (6.2s)
✔ [4779/5103] Built ValuedFieldTheory.Ramification.Herbrand.Average (8.1s)
✔ [4780/5103] Built ClassFieldTheory.GlobalClassFieldTheory.Reciprocity.RationalCyclotomicCharacterRigidity (8.9s)
✔ [4781/5111] Built ClassFieldTheory.GlobalClassFieldTheory.ClassFieldAxiom.SUnitKummerPrimeSelection.RestrictionKernel (12s)
✔ [4782/5112] Built ClassFieldTheory.LocalClassFieldTheory.ClassFormation.LocalizedCompletionCohomology.Cardinality.HMinusOne (10s)
✔ [4783/5135] Built ValuedFieldTheory.Ramification.HilbertRamification.RamificationNumber (7.2s)
✔ [4785/5135] Built ValuedFieldTheory.LocalField.DiscreteValuationField.PrincipalUnitInverseLimitSurjectivity (7.2s)
✔ [4786/5135] Built ClassFieldTheory.LubinTate.FormalModule.RecursiveCorrection (7.7s)
✔ [4787/5144] Built ClassFieldTheory.LubinTate.FormalModule.DegreeStabilization (8.4s)
✔ [4788/5144] Built ValuedFieldTheory.Ramification.HilbertRamification.UniformizerGradedHom (10s)
✔ [4789/5144] Built ClassFieldTheory.AbstractClassFieldTheory.Reciprocity.FiniteAbelianSubextension (7.4s)
✔ [4790/5146] Built ValuedFieldTheory.LocalField.Padic.ClosedAddSubgroup (5.5s)
✔ [4791/5148] Built ClassFieldTheory.LubinTate.FiniteLevel.PrimitiveRoot (7.0s)
✔ [4792/5148] Built ClassFieldTheory.AbstractClassFieldTheory.Reciprocity.NormTopology (7.4s)
✔ [4793/5148] Built ValuedFieldTheory.LocalField.Analytic.LogExpSeries.InverseEstimates (10s)
✔ [4794/5150] Built ProCGroups.Abelian.TopologicalAbelianization (4.5s)
✔ [4795/5150] Built ClassFieldTheory.LocalClassFieldTheory.ClassFormation.LocalizedCompletionCohomology.Cardinality.Trivial (10s)
✔ [4796/5152] Built ClassFieldTheory.AbstractClassFieldTheory.Degree.PadicCyclicClosure (5.9s)
✔ [4798/5161] Built ClassFieldTheory.AlgebraicNumberTheory.RayClass.LocalConductor (9.6s)
✔ [4799/5161] Built ClassFieldTheory.GlobalClassFieldTheory.GlobalClassFields.Conductor (10s)
✔ [4800/5165] Built ClassFieldTheory.GlobalClassFieldTheory.GlobalClassFields.ClassFieldRealization (7.9s)
✔ [4801/5167] Built ClassFieldTheory.LubinTate.FiniteLevel.PrimitiveTorsion (7.3s)
✔ [4802/5167] Built ClassFieldTheory.AbstractClassFieldTheory.Reciprocity.Construction.MainTransferFrobeniusGeometry (63s)
✔ [4803/5167] Built ClassFieldTheory.LubinTate.FormalModule.RecursiveIntertwiner (10s)
✔ [4804/5167] Built ValuedFieldTheory.Ramification.HilbertRamification.RamificationDepth (10s)
✔ [4805/5167] Built ValuedFieldTheory.LocalField.DiscreteValuationField.IwasawaPrincipalUnits (15s)
✔ [4806/5167] Built ClassFieldTheory.LocalClassFieldTheory.Infinite.ProfiniteCompletion (6.0s)
✔ [4807/5168] Built ClassFieldTheory.LocalClassFieldTheory.Infinite.AbsoluteGaloisAbelianization (8.1s)
✔ [4808/5170] Built ValuedFieldTheory.LocalField.Analytic.LogExpSeries.PrincipalUnitExp (12s)
✔ [4809/5170] Built ClassFieldTheory.LocalClassFieldTheory.ClassFormation.LocalizedCompletionCohomology.Cardinality.Quotient (12s)
✔ [4810/5170] Built SawinTotallyRealTowers.UnramifiedProPRelationRank.Kummer.AbsoluteMuPKummerLinear (13s)
✔ [4811/5170] Built SawinTotallyRealTowers.UnramifiedProPRelationRank.Radical.IdealPowerRadicalSelmer (11s)
✔ [4812/5170] Built SawinTotallyRealTowers.UnramifiedProPRelationRank.Radical.IdealRadicalCyclotomicBase (12s)
✔ [4813/5170] Built ClassFieldTheory.LubinTate.FormalModule.StandardFormalGroup (8.5s)
✔ [4814/5170] Built ClassFieldTheory.GlobalClassFieldTheory.GlobalClassFields.ConductorLocalComparison (13s)
✔ [4815/5170] Built ClassFieldTheory.LocalClassFieldTheory.Infinite.ProfiniteCompletionCriteria (5.8s)
✔ [4816/5170] Built ValuedFieldTheory.Ramification.HilbertRamification.ValuationRestriction (8.7s)
✔ [4817/5170] Built ValuedFieldTheory.LocalField.NonarchimedeanLocalField.NormSubgroupFunctoriality (5.7s)
✔ [4818/5176] Built ValuedFieldTheory.Ramification.HilbertRamification.ValuationKrasner (9.1s)
✔ [4819/5178] Built ClassFieldTheory.AbstractClassFieldTheory.Reciprocity.Construction.MainTransferFrobenius (15s)
✔ [4820/5178] Built ValuedFieldTheory.LocalField.Analytic.LogExpSeries.PrincipalUnitLog (12s)
✔ [4821/5180] Built ClassFieldTheory.LocalClassFieldTheory.ClassFormation.ArchimedeanHilbert90 (12s)
✔ [4822/5180] Built SawinTotallyRealTowers.UnramifiedProPRelationRank.Radical.IdealPowerRadicalAbsoluteKummer (10s)
✔ [4823/5184] Built ClassFieldTheory.AbstractClassFieldTheory.Reciprocity.ClassFieldCandidate (7.9s)
✔ [4824/5189] Built SawinTotallyRealTowers.UnramifiedProPRelationRank.Kummer.FinitePlaceMuPH1Localization (11s)
✔ [4825/5191] Built ClassFieldTheory.LubinTate.FiniteLevel.PrimitiveUniformizer (24s)
✔ [4826/5191] Built ClassFieldTheory.GlobalClassFieldTheory.GlobalClassFields.ConductorLattice (10s)
✔ [4827/5191] Built SawinTotallyRealTowers.UnramifiedProPRelationRank.Kummer.AbsoluteMuPKummerComparison (12s)
✔ [4828/5192] Built ClassFieldTheory.AbstractClassFieldTheory.Reciprocity.Construction.MainTransfer (11s)
✔ [4829/5192] Built ClassFieldTheory.LocalClassFieldTheory.ClassFormation.LocalBlocks.TensorNorm (19s)
✔ [4830/5196] Built ValuedFieldTheory.Ramification.HilbertRamification.HerbrandFunction (8.1s)
✔ [4831/5197] Built ValuedFieldTheory.Ramification.Herbrand.Quotient (8.5s)
✔ [4832/5197] Built ValuedFieldTheory.LocalField.Analytic.LogExpSeries.Homomorphisms (12s)
✔ [4833/5197] Built ClassFieldTheory.LubinTate.FiniteLevel.NormUniformizer (7.7s)
✔ [4834/5200] Built ClassFieldTheory.AlgebraicNumberTheory.Idele.Cohomology.Decomposition (23s)
✔ [4835/5200] Built SawinTotallyRealTowers.UnramifiedProPRelationRank.Radical.IdealPowerRadicalAbsoluteKummerLinear (11s)
✔ [4836/5200] Built ClassFieldTheory.LocalClassFieldTheory.ClassFormation.LocalBlocks.FamilyClassAxiom (25s)
✔ [4837/5200] Built ValuedFieldTheory.Ramification.HilbertRamification.FixedFieldValuationRing (9.4s)
✔ [4838/5200] Built ClassFieldTheory.AbstractClassFieldTheory.Reciprocity.MaximalUnramifiedSymbol (8.1s)
✔ [4839/5200] Built ClassFieldTheory.LubinTate.FiniteLevel.CompletedEvaluation (13s)
✔ [4840/5200] Built ValuedFieldTheory.Ramification.HilbertRamification.RamificationNumberFormula (8.8s)
✔ [4841/5200] Built ValuedFieldTheory.Ramification.Herbrand.FixedField (7.9s)
✔ [4842/5200] Built ValuedFieldTheory.Ramification.HilbertRamification.FiniteGaloisLevel (8.5s)
✔ [4843/5200] Built ClassFieldTheory.LocalClassFieldTheory.ClassFormation.ArchimedeanNormQuotient (19s)
✔ [4844/5200] Built ClassFieldTheory.GlobalClassFieldTheory.GlobalClassFields.ConductorRayClassMaximality (13s)
✔ [4845/5200] Built ClassFieldTheory.AbstractClassFieldTheory.Reciprocity.Core (10s)
✔ [4846/5200] Built ValuedFieldTheory.LocalField.Analytic.FieldUnitLogExtension (9.8s)
✔ [4847/5203] Built ClassFieldTheory.LubinTate.FiniteLevel.NormSubgroup (7.3s)
✔ [4848/5203] Built ValuedFieldTheory.LocalField.DiscreteValuationField.PadicField (9.1s)
✔ [4849/5206] Built ValuedFieldTheory.LocalField.Analytic.LogExpAdditivity (11s)
✔ [4850/5206] Built ClassFieldTheory.LubinTate.FiniteLevel.StandardLocalField (9.1s)
✔ [4851/5206] Built SawinTotallyRealTowers.UnramifiedProPRelationRank.Radical.EmptySupportKummerCokernel (10s)
✔ [4852/5206] Built ValuedFieldTheory.Ramification.HilbertRamification.FixedFieldRamification (8.7s)
✔ [4853/5206] Built ValuedFieldTheory.Ramification.HilbertRamification.FiniteGaloisLevelIndependence (8.6s)
✔ [4854/5206] Built ClassFieldTheory.AbstractClassFieldTheory.Reciprocity.Reduction (8.6s)
✔ [4855/5206] Built ValuedFieldTheory.LocalField.DiscreteValuationField.FiniteCoefficientLaurent (7.3s)
✔ [4856/5206] Built ClassFieldTheory.LubinTate.FiniteLevel.CompletedIterates (10s)
✔ [4857/5206] Built ClassFieldTheory.LubinTate.FiniteLevel.ChangedUniformizer (8.4s)
✔ [4858/5206] Built ClassFieldTheory.AbstractClassFieldTheory.Reciprocity.TotallyRamified (9.2s)
✔ [4859/5206] Built ValuedFieldTheory.LocalField.Padic.Cyclotomic.TotallyRamified.EisensteinPolynomial (9.1s)
✔ [4860/5206] Built ValuedFieldTheory.Ramification.HilbertRamification.FixedFieldRamificationIndex (13s)
✔ [4861/5206] Built ClassFieldTheory.LubinTate.Padic.ChangedUniformizerCoefficient (9.1s)
✔ [4862/5206] Built ClassFieldTheory.LubinTate.FiniteLevel.PrimitiveAction (14s)
✔ [4863/5206] Built ClassFieldTheory.LubinTate.Padic.MultiplicativeSeries (9.2s)
✔ [4864/5211] Built ClassFieldTheory.AbstractClassFieldTheory.Reciprocity.TotallyRamifiedCase.RestrictionCosets (7.9s)
✔ [4865/5212] Built ClassFieldTheory.AbstractClassFieldTheory.Reciprocity.TotallyRamifiedCase.FrobeniusLift (7.5s)
✔ [4866/5212] Built ValuedFieldTheory.LocalField.Analytic.ContinuousFieldUnitLog (10s)
✔ [4867/5215] Built ValuedFieldTheory.Ramification.HilbertRamification.OrbitPolynomialIdeal (8.5s)
✔ [4868/5216] Built ClassFieldTheory.LubinTate.EqualCharacteristic.Existence.LaurentModel (9.7s)
✔ [4870/5218] Built ValuedFieldTheory.LocalField.Analytic.LogExpComposition (10s)
✔ [4872/5218] Built ClassFieldTheory.AbstractClassFieldTheory.Reciprocity.Sylow (7.5s)
✔ [4873/5218] Built SawinTotallyRealTowers.UnramifiedProPRelationRank.Radical.LocalValuationKummerDual (11s)
✔ [4875/5222] Built ClassFieldTheory.LubinTate.EqualCharacteristic.Frobenius.LaurentSeriesFrobenius (9.5s)
✔ [4876/5232] Built ClassFieldTheory.LubinTate.FiniteLevel.ChangedPrimitiveEvaluation (10s)
✔ [4877/5239] Built ClassFieldTheory.LubinTate.FiniteLevel.FiniteParameters (8.8s)
✔ [4878/5239] Built ClassFieldTheory.AbstractClassFieldTheory.Reciprocity.TotallyRamifiedCase.RestrictionEquiv (6.0s)
✔ [4879/5241] Built ClassFieldTheory.LubinTate.Padic.MultiplicativeIntertwiner (7.8s)
✔ [4880/5246] Built ValuedFieldTheory.LocalField.Analytic.LogExpContinuity (9.5s)
✔ [4881/5248] Built ValuedFieldTheory.Ramification.HilbertRamification.RamificationNumberRestriction (8.7s)
✔ [4882/5293] Built ClassFieldTheory.LubinTate.EqualCharacteristic.Frobenius.ContractingEquation (4.1s)
✔ [4883/5294] Built ClassFieldTheory.LubinTate.Padic.CompletedUnramifiedField (14s)
✔ [4884/5295] Built ClassFieldTheory.LubinTate.EqualCharacteristic.Frobenius.CoefficientFrobenius (6.8s)
✔ [4885/5295] Built ValuedFieldTheory.LocalField.DiscreteValuationField.FieldUnitFactors (11s)
✔ [4886/5296] Built ClassFieldTheory.LubinTate.EqualCharacteristic.Existence.LaurentLocalField (10s)
✔ [4887/5296] Built SawinTotallyRealTowers.UnramifiedProPRelationRank.Radical.FinitePlaceCyclotomicKummerH1 (11s)
✔ [4888/5296] Built ClassFieldTheory.LubinTate.FiniteLevel.FiniteParameterFiltration (7.6s)
✔ [4889/5296] Built ClassFieldTheory.AbstractClassFieldTheory.Reciprocity.TotallyRamifiedCase.FrobeniusNorms (7.0s)
✔ [4890/5298] Built ClassFieldTheory.LocalClassFieldTheory.LubinTateApplication.StandardSubgroupIndex (7.7s)
✔ [4891/5302] Built ValuedFieldTheory.LocalField.Analytic.PrincipalUnitExpLogEquiv (8.6s)
✔ [4892/5302] Built ClassFieldTheory.LubinTate.Padic.ChangedUniformizerIntertwiner.CompletedSeries (8.6s)
✔ [4893/5302] Built ClassFieldTheory.LubinTate.FiniteLevel.LevelAutomorphisms (12s)
✔ [4894/5305] Built ClassFieldTheory.LubinTate.Padic.CompletedUnramifiedFrobeniusFixed (9.7s)
✔ [4895/5305] Built ValuedFieldTheory.LocalField.DiscreteValuationField.PadicModuleStructure (8.9s)
✔ [4896/5305] Built ClassFieldTheory.LubinTate.Padic.CompletedLevel (11s)
✔ [4897/5310] Built ClassFieldTheory.LubinTate.EqualCharacteristic.Existence.LaurentUniformizerNormalization (8.6s)
✔ [4898/5310] Built ValuedFieldTheory.Ramification.HilbertRamification.HerbrandTheorem (13s)
✔ [4899/5311] Built ClassFieldTheory.LubinTate.EqualCharacteristic.Frobenius.CompletedUnramifiedField (9.8s)
✔ [4900/5311] Built ClassFieldTheory.LocalClassFieldTheory.Finite.Existence.StandardSubgroupIntersection (9.2s)
✔ [4901/5311] Built ClassFieldTheory.AbstractClassFieldTheory.Reciprocity.ValuationContinuity (7.3s)
✔ [4902/5312] Built ClassFieldTheory.LubinTate.EqualCharacteristic.FormalModule.LubinTateEndomorphism (24s)
✔ [4903/5312] Built ClassFieldTheory.LubinTate.Padic.ChangedUniformizerIntertwiner.DefectCorrection (8.9s)
✔ [4904/5312] Built ValuedFieldTheory.LocalField.NonarchimedeanLocalField.ProfiniteUnits (6.3s)
✔ [4905/5312] Built ClassFieldTheory.AbstractClassFieldTheory.Reciprocity.TotallyRamifiedCase.FixedSource (11s)
✔ [4906/5312] Built ClassFieldTheory.LocalClassFieldTheory.Infinite.TopologicalAbelianizationCongr (3.8s)
✔ [4907/5315] Built ClassFieldTheory.LubinTate.FiniteLevel.LevelValuation (7.4s)
✔ [4908/5317] Built ClassFieldTheory.LubinTate.FiniteLevel.LevelFieldTower (8.6s)
✔ [4909/5317] Built ClassFieldTheory.LubinTate.FiniteLevel.LevelAbelian (8.1s)
✔ [4910/5317] Built ValuedFieldTheory.LocalField.Padic.PrincipalUnits (10s)
✔ [4911/5317] Built ClassFieldTheory.LubinTate.Padic.MultiplicativeEvaluation.CompletedCoefficientEvaluation (8.6s)
✔ [4912/5317] Built ClassFieldTheory.LubinTate.Padic.CompletedPrimitiveIrreducible (9.0s)
✔ [4913/5319] Built ClassFieldTheory.AbstractClassFieldTheory.Reciprocity.TotallyRamifiedCase.Conclusion (7.7s)
✔ [4914/5319] Built ValuedFieldTheory.LocalField.NonarchimedeanLocalField.MultiplicativeDecomposition (7.9s)
✔ [4915/5320] Built ValuedFieldTheory.LocalField.DiscreteValuationField.MixedCharacteristicStructure.IntegralLattice (14s)
✔ [4916/5320] Built ValuedFieldTheory.Ramification.LocalField.Core (12s)
✔ [4917/5320] Built ClassFieldTheory.LubinTate.Padic.ChangedUniformizerIntertwiner.IntertwinerConstruction (10s)
✔ [4918/5320] Built ClassFieldTheory.LubinTate.FiniteLevel.LowerRamification (9.6s)
✔ [4919/5320] Built ClassFieldTheory.LocalClassFieldTheory.Finite.Existence.UnramifiedNormContainment (11s)
✔ [4920/5320] Built ClassFieldTheory.LubinTate.FiniteLevel.GaloisParameterFiltration (8.8s)
✔ [4921/5320] Built SawinTotallyRealTowers.UnramifiedProPRelationRank.Kummer.FinitePlaceH1CharacterLocalization (12s)
✔ [4922/5320] Built ClassFieldTheory.LubinTate.FiniteLevel.PrimitiveDisplacement (15s)
✔ [4923/5322] Built ClassFieldTheory.LocalClassFieldTheory.Infinite.LocalMultiplicativeCompletion (9.8s)
✔ [4924/5322] Built ValuedFieldTheory.LocalField.DiscreteValuationField.PadicValuationComparison (9.8s)
✔ [4925/5323] Built ClassFieldTheory.AbstractClassFieldTheory.Reciprocity.Main (13s)
✔ [4926/5323] Built ValuedFieldTheory.Ramification.LocalField.BaseChange (10s)
✔ [4927/5323] Built ValuedFieldTheory.Ramification.LocalField.Unramified (10s)
✔ [4928/5323] Built SawinTotallyRealTowers.UnramifiedProPRelationRank.Local.LocalIntrinsicUnramifiedH1Line (14s)
✔ [4929/5333] Built ValuedFieldTheory.Ramification.Filtration (3.7s)
✔ [4930/5334] Built ClassFieldTheory.LubinTate.Padic.ChangedUniformizerIntertwiner.ScalarEndomorphisms (11s)
✔ [4931/5334] Built ValuedFieldTheory.LocalField.DiscreteValuationField.MixedCharacteristicStructure.DeepPrincipalUnits (13s)
✔ [4932/5337] Built ClassFieldTheory.LubinTate.FiniteLevel.UpperRamification (10s)
✔ [4933/5337] Built ClassFieldTheory.LubinTate.FiniteLevel.LowerRamificationFormula (10s)
✔ [4934/5337] Built ClassFieldTheory.LubinTate.FiniteLevel.ChangedLevelCompositum (26s)
✔ [4935/5337] Built ClassFieldTheory.AbstractClassFieldTheory.Reciprocity.MaximalUnramifiedReciprocity (7.7s)
✔ [4936/5342] Built ValuedFieldTheory.Ramification.GaloisValuation.CompositumRestriction (6.5s)
✔ [4937/5346] Built ClassFieldTheory.AbstractClassFieldTheory.Reciprocity.FiniteAbelianClassification (9.5s)
✔ [4938/5348] Built ClassFieldTheory.LocalClassFieldTheory.Finite.LocalReciprocity.ConcreteReciprocityTransport (10s)
✔ [4939/5352] Built ValuedFieldTheory.LocalField.DiscreteValuationField.FieldNormEquiv (8.2s)
✔ [4941/5354] Built ClassFieldTheory.LubinTate.Padic.MultiplicativeEvaluation.FiniteLevelEvaluation (14s)
✔ [4942/5354] Built ClassFieldTheory.LubinTate.Padic.ChangedUniformizerIntertwiner.ScalarCompatibility (9.7s)
✔ [4943/5356] Built ClassFieldTheory.LubinTate.EqualCharacteristic.FormalModule.LubinTateAction (36s)
✔ [4944/5359] Built ValuedFieldTheory.LocalField.Padic.Cyclotomic.TotallyRamified.IntegralClosure (10s)
✔ [4945/5359] Built ClassFieldTheory.LubinTate.FiniteLevel.HerbrandFormula (10s)
✔ [4946/5359] Built ValuedFieldTheory.LocalField.Unramified.HenselReduction (9.1s)
✔ [4947/5359] Built ClassFieldTheory.LocalClassFieldTheory.Finite.LocalReciprocity.FixedFieldNormResidueNaturality (19s)
✔ [4948/5359] Built ValuedFieldTheory.LocalField.Unramified.BasicInvariants (10s)
✔ [4949/5359] Built ValuedFieldTheory.LocalField.DiscreteValuationField.MixedCharacteristicStructure.Core (16s)
✔ [4950/5359] Built ValuedFieldTheory.LocalField.Unramified.MaximalSubextension (10s)
✔ [4951/5359] Built ClassFieldTheory.LubinTate.Padic.MultiplicativeEvaluation.CompletedScalarEndomorphism (12s)
✔ [4952/5359] Built ClassFieldTheory.LubinTate.EqualCharacteristic.Theta.ThetaCoefficients (12s)
✔ [4953/5359] Built ClassFieldTheory.LubinTate.EqualCharacteristic.FormalModule.AmbientBracketAction (13s)
✔ [4954/5361] Built ValuedFieldTheory.LocalField.Padic.Cyclotomic.TotallyRamified.PrimeElement (15s)
✔ [4955/5362] Built ValuedFieldTheory.LocalField.Unramified.RamificationIndexTower (12s)
✔ [4956/5368] Built ValuedFieldTheory.LocalField.DiscreteValuationField.FieldUnitStructure (13s)
✔ [4957/5368] Built ClassFieldTheory.LocalClassFieldTheory.Finite.LocalReciprocity.ConcreteReciprocityCanonical (24s)
✔ [4958/5370] Built ValuedFieldTheory.LocalField.Unramified.Separable (15s)
✔ [4959/5372] Built ClassFieldTheory.LubinTate.FiniteLevel.LocalUpperRamification (17s)
✔ [4960/5372] Built ValuedFieldTheory.Valuation.DiscreteValuationField.Compositum (26s)
✔ [4961/5372] Built ClassFieldTheory.LubinTate.Padic.MultiplicativeEvaluation.CompletedPrimitivePoint (10s)
✔ [4962/5383] Built ClassFieldTheory.LubinTate.FiniteLevel.HigherUnitLevelEquiv (32s)
✔ [4963/5383] Built ValuedFieldTheory.LocalField.Unramified.ResidueEmbedding (12s)
✔ [4964/5384] Built ClassFieldTheory.LubinTate.EqualCharacteristic.Theta.ThetaSeries (10s)
✔ [4965/5384] Built ClassFieldTheory.LubinTate.EqualCharacteristic.FiniteLevel.AmbientDivisionTorsion (9.4s)
✔ [4966/5384] Built ClassFieldTheory.LubinTate.Padic.MultiplicativeEvaluation.FiniteLevelPrimitiveRoot (29s)
✔ [4967/5384] Built ValuedFieldTheory.LocalField.NonarchimedeanLocalField.PowerClassFiniteness (8.8s)
✔ [4968/5384] Built ValuedFieldTheory.LocalField.Padic.Cyclotomic.TotallyRamified.EisensteinRelation (12s)
✔ [4969/5384] Built ValuedFieldTheory.LocalField.DiscreteValuationField.FieldUnitPowerIndexFormulas (10s)
✔ [4970/5385] Built ClassFieldTheory.LocalClassFieldTheory.Finite.LocalReciprocity.Main (10s)
✔ [4971/5385] Built ClassFieldTheory.LubinTate.EqualCharacteristic.Theta.ThetaEvaluation (9.3s)
✔ [4972/5385] Built ClassFieldTheory.LubinTate.EqualCharacteristic.CompletedLevel.DirectThetaSeries (9.5s)
✔ [4973/5385] Built ClassFieldTheory.LubinTate.EqualCharacteristic.Theta.ThetaUniqueness (9.2s)
✔ [4974/5385] Built SawinTotallyRealTowers.RationalIdealSquareRadical (11s)
✔ [4975/5385] Built ClassFieldTheory.LocalClassFieldTheory.Finite.LocalReciprocity.ConcreteReciprocityPrimeNorm (16s)
✔ [4976/5385] Built ValuedFieldTheory.LocalField.Unramified.BaseChangeCore (13s)
✔ [4977/5386] Built ClassFieldTheory.LocalClassFieldTheory.Finite.LocalReciprocity.UnramifiedComparison (16s)
✔ [4978/5386] Built GaloisCohomology.Kummer.Concrete.LocalMaximalKummerExtension (9.8s)
✔ [4979/5386] Built ClassFieldTheory.LubinTate.Padic.MultiplicativeEvaluation.Core (10s)
✔ [4980/5386] Built ValuedFieldTheory.LocalField.Padic.Cyclotomic.TotallyRamified.IntegralTranslate (8.4s)
✔ [4981/5386] Built ClassFieldTheory.LubinTate.EqualCharacteristic.FiniteLevel.DivisionPolynomial (15s)
✔ [4982/5386] Built ClassFieldTheory.GlobalClassFieldTheory.ClassFieldAxiom.IdeleClassPowerLocalUnitQuotient.LocalResidueArithmetic (10s)
✔ [4983/5386] Built ClassFieldTheory.LocalClassFieldTheory.Finite.Existence.LocalAbsoluteData (10s)
✔ [4984/5386] Built SawinTotallyRealTowers.UnramifiedProPRelationRank.Radical.IdeleFiniteValuationCharacters (10s)
✔ [4985/5386] Built ClassFieldTheory.LocalClassFieldTheory.Finite.LocalReciprocity.UnramifiedNormComparison (11s)
✔ [4986/5386] Built ClassFieldTheory.LubinTate.EqualCharacteristic.Theta.ThetaFirstIdentity (9.3s)
✔ [4987/5386] Built ClassFieldTheory.LocalClassFieldTheory.Finite.LocalReciprocity.TopologicalReciprocity (12s)
✔ [4988/5386] Built ValuedFieldTheory.LocalField.Unramified.BaseChange (14s)
✔ [4989/5386] Built ClassFieldTheory.LocalClassFieldTheory.Finite.Existence.MaximalKummerNorm (11s)
✔ [4990/5386] Built ClassFieldTheory.LocalClassFieldTheory.Finite.LocalReciprocity.IntermediateFieldNormResidueNaturality (18s)
✔ [4991/5386] Built GaloisCohomology.Kummer.Concrete.SimpleExtension (11s)
✔ [4992/5386] Built ClassFieldTheory.LubinTate.EqualCharacteristic.FiniteLevel.PrimitiveTorsion (9.8s)
✔ [4993/5386] Built ValuedFieldTheory.LocalField.Padic.Cyclotomic.TotallyRamified.ValuationRingEquiv (11s)
✔ [4994/5386] Built ClassFieldTheory.LubinTate.Padic.CompletedPrimitiveAction (11s)
✔ [4995/5386] Built ClassFieldTheory.LubinTate.EqualCharacteristic.FiniteLevel.PrimitiveIrreducible (9.8s)
✔ [4996/5386] Built ClassFieldTheory.GlobalClassFieldTheory.ClassFieldAxiom.IdeleClassPowerLocalUnitQuotient.FinitePlacePowerIndex (11s)
✔ [4997/5388] Built ValuedFieldTheory.LocalField.Padic.Cyclotomic.Unramified.ArithmeticFrobenius (23s)
✔ [4998/5388] Built ClassFieldTheory.LubinTate.EqualCharacteristic.CompletedLevel.DirectThetaIteration (9.1s)
✔ [4999/5388] Built ClassFieldTheory.LubinTate.EqualCharacteristic.CompletedLevel.DirectLubinTateBracket (9.2s)
✔ [5000/5388] Built ClassFieldTheory.LocalClassFieldTheory.Finite.LocalReciprocity.UnramifiedReciprocity (12s)
✔ [5001/5388] Built ClassFieldTheory.LocalClassFieldTheory.Finite.LocalReciprocity.ConjugationNaturality (10s)
✔ [5002/5388] Built ClassFieldTheory.LocalClassFieldTheory.Finite.Conductor (10s)
✔ [5003/5388] Built ClassFieldTheory.LocalClassFieldTheory.Finite.Existence.NormSubgroupOrderEmbedding (12s)
✔ [5004/5388] Built ValuedFieldTheory.LocalField.Padic.UnitDecomposition (52s)
✔ [5005/5389] Built ClassFieldTheory.LocalClassFieldTheory.Finite.LocalReciprocity.NormResidue (10s)
✔ [5006/5389] Built ValuedFieldTheory.LocalField.Unramified.Composition (10s)
✔ [5007/5389] Built ClassFieldTheory.AlgebraicNumberTheory.Idele.NormApproximation.FinitePlaces (17s)
✔ [5008/5389] Built ValuedFieldTheory.LocalField.Padic.Cyclotomic.TotallyRamified.RamificationIndex (10s)
✔ [5009/5389] Built ClassFieldTheory.LubinTate.Padic.CompletedFrobeniusLift (9.1s)
✔ [5010/5389] Built ClassFieldTheory.LubinTate.Padic.CompletedChangedUniformizerPrimitive (10s)
✔ [5011/5389] Built ClassFieldTheory.LubinTate.EqualCharacteristic.FiniteLevel.LevelField (9.9s)
✔ [5012/5389] Built GaloisCohomology.Kummer.Concrete.SimpleExtensionNorm (14s)
✔ [5013/5389] Built ClassFieldTheory.LocalClassFieldTheory.Finite.Existence.CyclotomicKummerDescent (16s)
✔ [5014/5390] Built ClassFieldTheory.LubinTate.EqualCharacteristic.CompletedLevel.DirectThetaFirstIdentity (8.0s)
✔ [5015/5390] Built ClassFieldTheory.LubinTate.EqualCharacteristic.CompletedLevel.DirectLubinTateBracketRecursion (9.1s)
✔ [5016/5390] Built ClassFieldTheory.LocalFieldTheory.Padic.Cyclotomic.Unramified.CanonicalExtension (12s)
✔ [5017/5390] Built ClassFieldTheory.LocalClassFieldTheory.Finite.Existence.OrderReversal (10s)
✔ [5018/5390] Built GaloisCohomology.Kummer.Concrete.Cyclotomic.ProfiniteUnitDecomposition.Basic (8.6s)
✔ [5019/5390] Built ClassFieldTheory.LocalClassFieldTheory.Finite.UnramifiedConductor (12s)
✔ [5020/5390] Built ClassFieldTheory.LocalClassFieldTheory.Finite.Existence.NormSubgroupSurjectivity (12s)
✔ [5021/5390] Built ValuedFieldTheory.LocalField.Unramified.FiniteSupport (8.4s)
✔ [5022/5390] Built ClassFieldTheory.LocalClassFieldTheory.Kummer.LocalHilbertSymbol (11s)
✔ [5023/5390] Built ClassFieldTheory.LocalClassFieldTheory.Finite.LocalReciprocity.NormResidueNaturality (11s)
✔ [5024/5390] Built ClassFieldTheory.LocalClassFieldTheory.Finite.LocalReciprocity.UnramifiedNormalization (12s)
✔ [5025/5390] Built ClassFieldTheory.AlgebraicNumberTheory.Idele.Relative.FinitePlaceTensorNorm (12s)
✔ [5026/5391] Built ValuedFieldTheory.LocalField.Padic.Cyclotomic.TotallyRamified.Existence (7.9s)
✔ [5027/5391] Built ClassFieldTheory.LocalClassFieldTheory.Finite.LocalReciprocity.FixedFieldContinuousNaturality (38s)
✔ [5028/5391] Built ClassFieldTheory.AlgebraicNumberTheory.Ramification.Splitting.FinitePlace (12s)
✔ [5029/5391] Built ClassFieldTheory.LocalClassFieldTheory.Finite.LocalReciprocity.FixedFieldLocalData (57s)
✔ [5030/5395] Built ClassFieldTheory.LubinTate.EqualCharacteristic.FiniteLevel.PrimitiveAction (8.7s)
✔ [5031/5395] Built ClassFieldTheory.LubinTate.Padic.CompletedFrobeniusEvaluation (11s)
✔ [5032/5395] Built ClassFieldTheory.KummerTheory.Concrete.FinitePlaceDecomposition (15s)
✔ [5033/5395] Built ClassFieldTheory.GlobalClassFieldTheory.Reciprocity.RationalCyclotomicLocalization (19s)
✔ [5034/5395] Built ClassFieldTheory.LubinTate.EqualCharacteristic.CompletedLevel.CompletedLevel (12s)
✔ [5035/5395] Built GaloisCohomology.Kummer.Concrete.Cyclotomic.ProfiniteUnitDecomposition.Local (9.8s)
✔ [5036/5395] Built ClassFieldTheory.LubinTate.EqualCharacteristic.FiniteLevel.NormUniformizer (11s)
✔ [5037/5395] Built ClassFieldTheory.LubinTate.Padic.CompletedStandardLevelTransport (17s)
✔ [5038/5395] Built ClassFieldTheory.LocalClassFieldTheory.LubinTateApplication.StandardNormIndex (11s)
✔ [5039/5395] Built ClassFieldTheory.LubinTate.Padic.CompletedPrimitiveUniformizer (17s)
✔ [5040/5395] Built ValuedFieldTheory.LocalField.Unramified.MaximalResidue (9.6s)
✔ [5041/5395] Built ClassFieldTheory.LocalClassFieldTheory.Finite.Existence.CharacteristicZero (11s)
✔ [5042/5395] Built ClassFieldTheory.LocalClassFieldTheory.Kummer.LocalHilbertSymbolLaws (10s)
✔ [5043/5395] Built ClassFieldTheory.LocalClassFieldTheory.Kummer.MaximalLocalKummerPairing (12s)
✔ [5044/5395] Built ClassFieldTheory.LocalClassFieldTheory.Finite.LocalReciprocity.Filtered.Core (11s)
✔ [5045/5395] Built ClassFieldTheory.LocalClassFieldTheory.Infinite.AbsoluteFiniteQuotients (11s)
✔ [5046/5395] Built ClassFieldTheory.LocalClassFieldTheory.Finite.LocalReciprocity.GeneralTowerNaturality (13s)
✔ [5047/5395] Built ClassFieldTheory.AlgebraicNumberTheory.Adele.IntegralTensorSupport.AbsoluteValue (12s)
✔ [5048/5395] Built ClassFieldTheory.LubinTate.EqualCharacteristic.FiniteLevel.FiniteParameters (8.7s)
✔ [5049/5406] Built ClassFieldTheory.AlgebraicNumberTheory.Galois.CyclicPrimeSubextension (12s)
✔ [5050/5407] Built ClassFieldTheory.LubinTate.Padic.CompletedChangedUniformizerThetaFixed (8.0s)
✔ [5051/5407] Built ClassFieldTheory.AlgebraicNumberTheory.Idele.NormApproximation.InfinitePlaces (16s)
✔ [5052/5407] Built ClassFieldTheory.LubinTate.EqualCharacteristic.CompletedLevel.CompletedPrimitiveIrreducible (10s)
✔ [5053/5407] Built ClassFieldTheory.LubinTate.EqualCharacteristic.CompletedLevel.ThetaAtCompletedLevel (11s)
✔ [5054/5407] Built ClassFieldTheory.LubinTate.EqualCharacteristic.NormSubgroup.LevelAlgebra (8.3s)
✔ [5055/5407] Built ClassFieldTheory.AlgebraicNumberTheory.Adele.FinitePlaceTensorBlock (20s)
✔ [5056/5407] Built ClassFieldTheory.LubinTate.Padic.CompletedResidueFrobenius (9.0s)
✔ [5057/5407] Built ClassFieldTheory.LubinTate.EqualCharacteristic.CompletedLevel.ChangedUniformizer (12s)
✔ [5058/5407] Built ClassFieldTheory.LocalClassFieldTheory.LubinTateApplication.StandardNormSubgroupExact (10s)
✔ [5059/5407] Built ValuedFieldTheory.LocalField.Unramified.ResidueLifting (11s)
✔ [5060/5407] Built ClassFieldTheory.LocalClassFieldTheory.Kummer.LocalHilbertPairing (11s)
✔ [5061/5407] Built ClassFieldTheory.LocalClassFieldTheory.Finite.LocalReciprocity.Filtered.Compositum (10s)
✔ [5062/5407] Built ClassFieldTheory.LocalClassFieldTheory.Infinite.AbsoluteFiniteQuotientTransitions (11s)
✔ [5063/5407] Built ClassFieldTheory.AlgebraicNumberTheory.Adele.IntegralTensorSupport.Lattice (12s)
✔ [5064/5407] Built ClassFieldTheory.AlgebraicNumberTheory.SUnit.Herbrand (31s)
✔ [5065/5407] Built ClassFieldTheory.LubinTate.EqualCharacteristic.FiniteLevel.LevelAutomorphisms (12s)
✔ [5066/5411] Built ClassFieldTheory.LubinTate.Padic.CompletedChangedUniformizerFixedField (11s)
✔ [5067/5411] Built ClassFieldTheory.LubinTate.EqualCharacteristic.FiniteLevel.FreeRankOne (14s)
✔ [5068/5411] Built ClassFieldTheory.AlgebraicNumberTheory.Ramification.Splitting.NormalClosure (14s)
✔ [5069/5411] Built ClassFieldTheory.AlgebraicNumberTheory.Idele.PositiveArchimedeanSection (11s)
✔ [5070/5411] Built ClassFieldTheory.GlobalClassFieldTheory.ClassFieldAxiom.IdeleClassPowerLocalUnitQuotient.ArchimedeanPowerIndex (11s)
✔ [5071/5411] Built ClassFieldTheory.LocalClassFieldTheory.Finite.LocalReciprocity.FixedFieldIntrinsicReciprocity.BaseComparison.IntrinsicBaseEquivalence (37s)
✔ [5072/5411] Built ClassFieldTheory.LubinTate.EqualCharacteristic.CompletedLevel.CompletedPrimitiveAction (10s)
✔ [5073/5411] Built ClassFieldTheory.AlgebraicNumberTheory.Idele.Relative.InfinitePlaceTensorNorm (15s)
✔ [5074/5411] Built ClassFieldTheory.LubinTate.EqualCharacteristic.NormSubgroup.UniformizerNorm (8.9s)
✔ [5075/5411] Built ClassFieldTheory.LubinTate.EqualCharacteristic.CompletedLevel.ThetaLocalInverse (10s)
✔ [5076/5411] Built ClassFieldTheory.LubinTate.EqualCharacteristic.CompletedLevel.ChangedCompletedLevel (9.7s)
✔ [5077/5411] Built ClassFieldTheory.LubinTate.EqualCharacteristic.CompletedLevel.ChangedUniformizerNormalization (8.9s)
✔ [5078/5411] Built ClassFieldTheory.LubinTate.EqualCharacteristic.CompletedLevel.ChangedPolynomialEvaluation (8.4s)
✔ [5079/5411] Built ClassFieldTheory.LocalClassFieldTheory.Infinite.AbsoluteArtin (10s)
✔ [5080/5411] Built ClassFieldTheory.AlgebraicNumberTheory.Idele.Cohomology.SPlaces.LocalBlocks (19s)
✔ [5081/5411] Built ClassFieldTheory.AlgebraicNumberTheory.Adele.IntegralTensorSupport.Localization (11s)
✔ [5082/5411] Built ClassFieldTheory.LubinTate.EqualCharacteristic.FiniteLevel.LevelFieldTower (11s)
✔ [5083/5411] Built ClassFieldTheory.LubinTate.Padic.CompletedChangedStandardCompositum (10s)
✔ [5084/5411] Built ClassFieldTheory.LocalClassFieldTheory.Kummer.LocalHilbertPairingNondegeneracy (13s)
✔ [5085/5412] Built ClassFieldTheory.AlgebraicNumberTheory.Adele.IntegralTensorSupport.FinitePlaceCompletion (14s)
✔ [5086/5412] Built SawinTotallyRealTowers.UnramifiedProPRelationRank.Local.FinitePlaceH2LocalizationFamily (10s)
✔ [5087/5412] Built ClassFieldTheory.LubinTate.EqualCharacteristic.FiniteLevel.LevelAbelian (14s)
✔ [5088/5412] Built ClassFieldTheory.LubinTate.EqualCharacteristic.FormalModule.DivisionModuleEndomorphisms (11s)
✔ [5089/5417] Built ClassFieldTheory.AlgebraicNumberTheory.Ramification.Splitting.PrimeOrderFixedField (11s)
✔ [5090/5417] Built ClassFieldTheory.LubinTate.EqualCharacteristic.CompletedLevel.CompletedFrobeniusLift (8.8s)
✔ [5091/5417] Built SawinTotallyRealTowers.UnramifiedProPRelationRank.Radical.IdeleIntegralCharacterRadical (11s)
✔ [5092/5418] Built ClassFieldTheory.LubinTate.EqualCharacteristic.CompletedLevel.DirectThetaAtCompletedLevel (11s)
✔ [5093/5418] Built ClassFieldTheory.GlobalClassFieldTheory.ClassFieldAxiom.IdeleClassPowerLocalUnitQuotient.SupportedIdeleIndex (12s)
✔ [5094/5419] Built ClassFieldTheory.LubinTate.Padic.CompletedChangedStandardFixedField (9.5s)
✔ [5095/5419] Built ClassFieldTheory.AlgebraicNumberTheory.Idele.IdentityComponent (15s)
✔ [5096/5419] Built ClassFieldTheory.LubinTate.EqualCharacteristic.CompletedLevel.ChangedCompletedPrimitiveAction (12s)
✔ [5097/5419] Built SawinTotallyRealTowers.UnramifiedProPRelationRank.Kummer.LocalHilbertKummerDual (12s)
✔ [5098/5419] Built ClassFieldTheory.LocalClassFieldTheory.Finite.LocalReciprocity.FixedFieldIntrinsicReciprocity.BaseComparison.EmbeddedExtensionQuotient (16s)
✔ [5099/5419] Built ClassFieldTheory.LocalClassFieldTheory.LubinTateApplication.NormIndex (11s)
✔ [5100/5419] Built ClassFieldTheory.LubinTate.EqualCharacteristic.Ramification.GaloisAction (9.4s)
✔ [5101/5419] Built ClassFieldTheory.LubinTate.EqualCharacteristic.NormSubgroup.HigherUnits (10s)
✔ [5102/5420] Built GaloisCohomology.Kummer.Concrete.Cyclotomic.ProfiniteUnitDecomposition.FiniteFree (65s)
✔ [5103/5420] Built ClassFieldTheory.LubinTate.EqualCharacteristic.CompletedLevel.CompletedFrobeniusContinuity (9.3s)
✔ [5104/5420] Built ValuedFieldTheory.LocalField.NonarchimedeanLocalField.FiniteUnramifiedEquiv (9.6s)
✔ [5105/5421] Built SawinTotallyRealTowers.SixPrimeFiniteSupport (7.4s)
✔ [5106/5422] Built ClassFieldTheory.LubinTate.EqualCharacteristic.CompletedLevel.DirectTargetLevelEmbedding (11s)
✔ [5107/5422] Built SawinTotallyRealTowers.UnramifiedProPRelationRank.Radical.FiniteSupportGlobalReciprocity (11s)
✔ [5108/5422] Built ClassFieldTheory.AlgebraicNumberTheory.Adele.IntegralTensorSupport.LocalTensorDecomposition (23s)
✔ [5109/5422] Built ClassFieldTheory.LubinTate.EqualCharacteristic.CompletedLevel.DirectBracketAtCompletedLevel (13s)
✔ [5110/5422] Built SawinTotallyRealTowers.UnramifiedProPRelationRank.Kummer.LocalArtinKummerH1Duality (12s)
✔ [5111/5422] Built GaloisCohomology.ProP.MultiplicativeProductH2 (6.4s)
✔ [5112/5424] Built ClassFieldTheory.LubinTate.EqualCharacteristic.NormSubgroup.UnitTransport (9.0s)
✔ [5113/5432] Built ClassFieldTheory.LubinTate.EqualCharacteristic.NormSubgroup.UnitQuotientCard (10s)
✔ [5117/5432] Built SawinTotallyRealTowers.UnramifiedProPRelationRank.Kummer.LocalUnramifiedKummerHilbertValuation (14s)
✔ [5118/5432] Built GaloisCohomology.Kummer.Concrete.Cyclotomic.ProfiniteUnitDecomposition.Gather (8.8s)
✔ [5119/5433] Built ClassFieldTheory.LubinTate.EqualCharacteristic.CompletedLevel.CompletedFrobeniusBaseEquiv (8.8s)
✔ [5120/5439] Built ClassFieldTheory.LocalClassFieldTheory.Finite.LocalReciprocity.FixedFieldIntrinsicReciprocity.BaseComparison.EmbeddedInertiaComparison (12s)
✔ [5121/5439] Built GaloisCohomology.ProP.MultiplicativeProductH2Evaluation (6.5s)
✔ [5122/5439] Built GaloisCohomology.ProP.MultiplicativeBinaryProductH2Evaluation (6.5s)
✔ [5123/5439] Built GaloisCohomology.ProP.MultiplicativeInducedShapiro (6.9s)
✔ [5124/5440] Built ProCGroups.ProP.FinitePGroupMaximal (4.9s)
✔ [5125/5440] Built ClassFieldTheory.LubinTate.Padic.CompletedChangedStandardUnramified (24s)
✔ [5126/5441] Built ClassFieldTheory.AlgebraicNumberTheory.Adele.IntegralTensorSupport.IdeleSupport (12s)
✔ [5127/5441] Built GaloisCohomology.ProP.H1NormalSubgroupDescent (7.8s)
✔ [5128/5441] Built GaloisCohomology.Kummer.Concrete.Cyclotomic.ProfiniteUnitDecomposition.Decomposition (10s)
✔ [5129/5442] Built ClassFieldTheory.LubinTate.EqualCharacteristic.CompletedLevel.DirectThetaFrobeniusFixed (15s)
✔ [5130/5442] Built SawinTotallyRealTowers.UnramifiedProPRelationRank.Kummer.LocalUnramifiedKummerValuationDual (14s)
✔ [5131/5445] Built GaloisCohomology.Kummer.UnitsCohomologyCongr (7.6s)
✔ [5132/5448] Built SawinTotallyRealTowers.UnramifiedProPRelationRank.Global.ClassFormationPGroupH1 (8.6s)
✔ [5133/5448] Built ClassFieldTheory.LubinTate.EqualCharacteristic.Ramification.PrimitivePoint (31s)
✔ [5134/5448] Built GaloisCohomology.ProP.FiniteCyclicH2TateH0 (22s)
✔ [5135/5448] Built GaloisCohomology.Kummer.FiniteGaloisUnitsH2Inflation (11s)
✔ [5136/5449] Built SawinTotallyRealTowers.UnramifiedProPRelationRank.Global.UnramifiedInfinitePlaceBlockH2 (14s)
✔ [5137/5455] Built GaloisCohomology.Kummer.Concrete.Cyclotomic.ProfiniteUnitDecomposition.DenseTorsion (8.8s)
✔ [5138/5455] Built GaloisCohomology.Kummer.RelativeTwoCocycle (7.0s)
✔ [5139/5457] Built ClassFieldTheory.LubinTate.EqualCharacteristic.CompletedLevel.CompletedFrobeniusFixedField (10s)
✔ [5140/5460] Built GaloisCohomology.Kummer.UnitsCohomologyRestrictScalars (5.9s)
✔ [5141/5460] Built GaloisCohomology.ProP.FiniteCyclicCarryCocycle (6.6s)
✔ [5142/5460] Built GaloisCohomology.Kummer.MixedTwoCocycle (7.2s)
✔ [5143/5460] Built SawinTotallyRealTowers.UnramifiedProPRelationRank.Local.UnramifiedLocalIntegerUnitsH2 (9.0s)
✔ [5144/5463] Built ClassFieldTheory.AlgebraicNumberTheory.Adele.IntegralLocalFactor (21s)
✔ [5145/5463] Built SawinTotallyRealTowers.UnramifiedProPRelationRank.Local.FiniteCyclicLocalUnitsH2 (9.9s)
✔ [5146/5463] Built ClassFieldTheory.LubinTate.Padic.CompletedChangedStandardResidue (22s)
✔ [5147/5463] Built GaloisCohomology.Kummer.Concrete.Cyclotomic.ProfiniteUnitDecomposition.TorsionQuotientEquiv (8.6s)
✔ [5148/5463] Built GaloisCohomology.Kummer.Concrete.Cyclotomic.ProfiniteUnitDecomposition.Swap (30s)
✔ [5149/5464] Built ClassFieldTheory.LubinTate.EqualCharacteristic.NormSubgroup.HigherUnitFrobeniusFixed (8.7s)
✔ [5150/5464] Built ClassFieldTheory.LubinTate.EqualCharacteristic.CompletedLevel.CompletedFrobeniusFixedFieldPrimitive (8.9s)
✔ [5151/5464] Built ClassFieldTheory.LubinTate.EqualCharacteristic.CompletedLevel.CompletedFrobeniusFixedFieldAlgebra (8.9s)
✔ [5152/5464] Built GaloisCohomology.GroupTheory.PGroupGaloisTower (6.1s)
✔ [5153/5465] Built GaloisCohomology.ProP.FiniteCyclicBarPeriodicCarryIdentity (7.4s)
✔ [5154/5465] Built GaloisCohomology.Kummer.QuotientTwoCocycle (7.6s)
✔ [5155/5471] Built SawinTotallyRealTowers.UnramifiedProPRelationRank.Local.UnramifiedBaseUnitNorm (11s)
✔ [5156/5471] Built GaloisCohomology.Kummer.Concrete.Cyclotomic.ProfiniteUnitDecomposition.TorsionQuotientMk (8.7s)
✔ [5157/5471] Built ClassFieldTheory.LubinTate.EqualCharacteristic.Ramification.DisplacementValuation (23s)
✔ [5158/5471] Built ClassFieldTheory.AlgebraicNumberTheory.Completion.ExtensionIndex (13s)
✔ [5159/5471] Built ClassFieldTheory.LubinTate.EqualCharacteristic.CompletedLevel.CompletedFrobeniusFixedFieldPowerBasis (8.5s)
✔ [5160/5471] Built GaloisCohomology.ProP.FiniteCyclicBarPeriodicChainComparison (8.0s)
✔ [5161/5471] Built SawinTotallyRealTowers.UnramifiedProPRelationRank.Local.UnramifiedDegreeBaseChange (7.5s)
✔ [5162/5471] Built ClassFieldTheory.LubinTate.EqualCharacteristic.NormSubgroup.HigherUnitLevelMapFixed (12s)
✔ [5163/5471] Built GaloisCohomology.Kummer.FiniteGaloisUnitsCohomologyTransport (9.6s)
✔ [5164/5471] Built ClassFieldTheory.AlgebraicNumberTheory.Completion.LocalizedValuation (23s)
✔ [5165/5471] Built ClassFieldTheory.AlgebraicNumberTheory.Idele.Relative.SPlaces (24s)
✔ [5166/5475] Built ClassFieldTheory.LubinTate.Padic.CompletedChangedStandardFrobenius (21s)
✔ [5167/5475] Built ClassFieldTheory.LocalClassFieldTheory.Finite.Existence.FiniteUnramifiedField (13s)
✔ [5168/5475] Built ClassFieldTheory.AlgebraicNumberTheory.Ramification.Splitting.FinitePlaceIdeal (10s)
✔ [5169/5475] Built SawinTotallyRealTowers.UnramifiedProPRelationRank.Local.FinitePlaceUnramifiedH1 (12s)
✔ [5170/5475] Built ClassFieldTheory.AlgebraicNumberTheory.Completion.AdicCompletionMap (10s)
✔ [5171/5475] Built ClassFieldTheory.LubinTate.EqualCharacteristic.Ramification.LowerGroups (15s)
✔ [5172/5475] Built ClassFieldTheory.LubinTate.EqualCharacteristic.CompletedLevel.CompletedFrobeniusFixedFieldCoefficientDescent (9.3s)
✔ [5173/5475] Built ClassFieldTheory.AlgebraicNumberTheory.Completion.Comparison (11s)
✔ [5174/5475] Built ClassFieldTheory.AlgebraicNumberTheory.NumberField.FiniteUnramifiedTower (10s)
✔ [5175/5475] Built ClassFieldTheory.LubinTate.EqualCharacteristic.NormSubgroup.HigherUnitFixedFieldMembership (8.7s)
✔ [5176/5478] Built GaloisCohomology.Kummer.FiniteGaloisTowerUnitsH2 (7.6s)
✔ [5177/5478] Built ProCGroups.Cohomology.ContinuousMapFiniteStage (4.0s)
✔ [5178/5478] Built SawinTotallyRealTowers.UnramifiedProPRelationRank.Local.FinitePGroupLocalUnitsH2 (11s)
✔ [5179/5478] Built ClassFieldTheory.LocalClassFieldTheory.Finite.LocalReciprocity.FixedFieldIntrinsicReciprocity.BaseComparison.FixedFieldNormQuotient (68s)
✔ [5180/5478] Built ClassFieldTheory.AlgebraicNumberTheory.Idele.Cohomology.SPlaces.OutsideIntegralInduced.CompletionTransport (11s)
✔ [5181/5478] Built SawinTotallyRealTowers.UnramifiedProPRelationRank.Local.RelativeUnramifiedFixedField (39s)
✔ [5182/5478] Built SawinTotallyRealTowers.UnramifiedProPRelationRank.Local.UnramifiedFixedFieldCompositum (9.7s)
✔ [5183/5478] Built ClassFieldTheory.AlgebraicNumberTheory.Idele.Cohomology.SPlaces.Reassociation (11s)
✔ [5184/5478] Built SawinTotallyRealTowers.UnramifiedProPRelationRank.Kummer.FinitePlaceH1RamificationLocalization (12s)
✔ [5185/5478] Built ClassFieldTheory.LubinTate.EqualCharacteristic.CompletedLevel.CompletedFrobeniusFixedFieldGeneration (9.4s)
✔ [5186/5478] Built ClassFieldTheory.LubinTate.EqualCharacteristic.Ramification.Core (10s)
✔ [5187/5478] Built ClassFieldTheory.AlgebraicNumberTheory.Completion.AdicCompletionComparison (13s)
✔ [5188/5478] Built GaloisCohomology.ProP.FiniteCyclicBarPeriodicH2Comparison (30s)
✔ [5189/5478] Built ClassFieldTheory.AlgebraicNumberTheory.NumberField.FiniteUnramifiedEtaleBridge (10s)
✔ [5190/5478] Built SawinTotallyRealTowers.UnramifiedProPRelationRank.Local.FinitePlaceAlgebraicLocalizationAlgClosure (22s)
✔ [5191/5478] Built ClassFieldTheory.AlgebraicNumberTheory.NumberField.EverywhereUnramifiedTower (10s)
✔ [5192/5479] Built ClassFieldTheory.AlgebraicNumberTheory.Completion.ChosenLocalization (26s)
✔ [5193/5479] Built ClassFieldTheory.LubinTate.EqualCharacteristic.NormSubgroup.HigherUnitFixedFieldEmbedding (9.2s)
✔ [5194/5479] Built SawinTotallyRealTowers.RamificationSupport (10s)
✔ [5195/5479] Built GaloisCohomology.ProP.FiniteCyclicCarryCoefficientNorm (6.2s)
✔ [5196/5479] Built ClassFieldTheory.LubinTate.EqualCharacteristic.CompletedLevel.CompletedFrobeniusFixedFieldDegree (9.2s)
✔ [5197/5479] Built GaloisCohomology.ProP.H2FiniteStageCochain (15s)
✔ [5198/5479] Built ClassFieldTheory.AlgebraicNumberTheory.Idele.Cohomology.SPlaces.OutsideIntegralInduced.LocalInduction.Spine (12s)
✔ [5199/5479] Built ClassFieldTheory.LubinTate.EqualCharacteristic.RealIndexSteps (12s)
✔ [5200/5479] Built ClassFieldTheory.AlgebraicNumberTheory.Idele.Extension.NormLocalOrder (12s)
✔ [5201/5479] Built SawinTotallyRealTowers.UnramifiedProPRelationRank.Global.EverywhereUnramifiedBridge (10s)
✔ [5202/5479] Built ClassFieldTheory.AlgebraicNumberTheory.Adele.FiniteRestrictedProductBaseChange (31s)
✔ [5203/5479] Built ClassFieldTheory.GlobalClassFieldTheory.Reciprocity.FinitePlaceArtin.Construction (37s)
✔ [5204/5479] Built ClassFieldTheory.AlgebraicNumberTheory.Idele.Cohomology.SPlaces.Herbrand.Local (20s)
✔ [5205/5479] Built SawinTotallyRealTowers.FixedFieldIntersection (13s)
✔ [5206/5479] Built ClassFieldTheory.AlgebraicNumberTheory.Completion.IntegerRingComparison (29s)
✔ [5207/5479] Built ClassFieldTheory.LocalClassFieldTheory.Finite.LocalReciprocity.FixedFieldIntrinsicReciprocity.BaseComparison.FixedFieldSpecialization (43s)
✔ [5208/5479] Built ClassFieldTheory.GlobalClassFieldTheory.ClassFieldAxiom.SUnitKummerPrimeSelection.FinitePlaceDecomposition (29s)
✔ [5209/5479] Built SawinTotallyRealTowers.UnramifiedProPRelationRank.Radical.FinitePlaceCyclotomicMuPKummerComparison (44s)
✔ [5210/5479] Built SawinTotallyRealTowers.UnramifiedProPRelationRank.Local.UnramifiedCommonExtension (48s)
✔ [5211/5480] Built GaloisCohomology.ProP.FiniteCyclicH2CoefficientNorm (17s)
✔ [5212/5480] Built SawinTotallyRealTowers.RationalRamificationSupport (28s)
✔ [5213/5480] Built SawinTotallyRealTowers.RamificationSupportTransport (28s)
✔ [5214/5480] Built ClassFieldTheory.AlgebraicNumberTheory.Completion.UnramifiedComparison.LocalNorm (37s)
✔ [5215/5480] Built SawinTotallyRealTowers.UnramifiedProPRelationRank.Local.FinitePlaceInertiaTransport (46s)
✔ [5216/5480] Built ClassFieldTheory.LubinTate.EqualCharacteristic.NormSubgroup.HigherUnitFixedFieldSurjective (20s)
✔ [5217/5480] Built GaloisCohomology.ProP.H2FiniteStage (15s)
✔ [5218/5480] Built ClassFieldTheory.LubinTate.EqualCharacteristic.CompletedLevel.CompletedFrobeniusFixedNorm (22s)
✔ [5219/5480] Built ClassFieldTheory.AlgebraicNumberTheory.Idele.Cohomology.SPlaces.OutsideIntegralInduced.LocalInduction.Action (21s)
✔ [5220/5480] Built SawinTotallyRealTowers.UnramifiedProPRelationRank.Global.MaximalEverywhereUnramifiedProP (18s)
✔ [5221/5480] Built ProCGroups.ProP.FrattiniQuotient (6.4s)
✔ [5222/5480] Built SawinTotallyRealTowers.UnramifiedProPRelationRank.Global.BinaryUnramifiedCompositum (21s)
✔ [5223/5480] Built SawinTotallyRealTowers.UnramifiedProPRelationRank.Radical.FinitePlaceValuationDiagonal (20s)
✔ [5224/5480] Built ClassFieldTheory.AlgebraicNumberTheory.Idele.BaseChange (27s)
✔ [5225/5480] Built ClassFieldTheory.AlgebraicNumberTheory.Idele.Cohomology.SPlaces.Herbrand.FamilyFinite (30s)
✔ [5226/5484] Built ClassFieldTheory.LubinTate.EqualCharacteristic.NormSubgroup.HigherUnitFixedFieldEquiv (16s)
✔ [5227/5484] Built SawinTotallyRealTowers.RamificationSupportCompositum (22s)
✔ [5228/5484] Built GaloisCohomology.ProP.H2FiniteStageFamily (13s)
✔ [5229/5484] Built SawinTotallyRealTowers.UnramifiedProPRelationRank.Local.FinitePlaceSeparableEmbedding (28s)
✔ [5230/5484] Built SawinTotallyRealTowers.FinitePlaceFrobenius (21s)
✔ [5231/5484] Built SawinTotallyRealTowers.UnramifiedProPRelationRank.Kummer.LocalKummerInertia (25s)
✔ [5232/5484] Built SawinTotallyRealTowers.UnramifiedProPRelationRank.Local.FinitePlaceUnramifiedH1Transport (33s)
✔ [5234/5484] Built GaloisCohomology.Kummer.Concrete.Cyclotomic.ProfiniteUnitDecomposition.CyclotomicQuotient (150s)
✔ [5235/5484] Built SawinTotallyRealTowers.UnramifiedProPRelationRank.Global.MaximalEverywhereUnramifiedProPGalois (21s)
✔ [5237/5484] Built ClassFieldTheory.AlgebraicNumberTheory.Idele.Cohomology.SPlaces.OutsideIntegralInduced.LocalInduction.Equiv (30s)
✔ [5238/5485] Built ClassFieldTheory.GlobalClassFieldTheory.Reciprocity.FinitePlaceArtin.Conjugation (66s)
✔ [5239/5488] Built SawinTotallyRealTowers.UnramifiedProPRelationRank.Global.EverywhereUnramifiedProPCompositum (23s)
✔ [5240/5488] Built ClassFieldTheory.LubinTate.EqualCharacteristic.NormSubgroup.HigherUnitsNorm (21s)
✔ [5241/5488] Built GaloisCohomology.ProP.H2InflationRangeBound (13s)
✔ [5242/5492] Built SawinTotallyRealTowers.FiniteRealPExtension (22s)
✔ [5243/5492] Built ProCGroups.Frattini (8.9s)
✔ [5244/5492] Built GaloisCohomology.Kummer.Concrete.Cyclotomic.ProfiniteUnitDecomposition.FreeCoordinate (18s)
✔ [5245/5492] Built GaloisCohomology.Kummer.FiniteCyclicBaseUnitsH2 (74s)
✔ [5246/5492] Built ProCGroups.Categorical.AlgebraicPullbacks (8.8s)
✔ [5247/5492] Built ProCGroups.TopologicalGroups (6.6s)
✔ [5248/5492] Built SawinTotallyRealTowers.UnramifiedProPRelationRank.RelationRank.AbsoluteUnramifiedGaloisSequence (24s)
✔ [5249/5492] Built ProCGroups.GroupTheory.CentralizerNormalizerCommensurator (9.9s)
✔ [5250/5492] Built ClassFieldTheory.LocalClassFieldTheory.Finite.LocalReciprocity.FixedFieldIntrinsicReciprocity.EmbeddedFrobeniusTransport (86s)
✔ [5251/5492] Built ProCGroups.ProP.FiniteFrattini (11s)
✔ [5252/5492] Built ClassFieldTheory.AlgebraicNumberTheory.Completion.UnramifiedComparison.IdealToCompletion (92s)
✔ [5253/5492] Built GaloisCohomology.ProP.H2InflationRangeCardinality (14s)
✔ [5254/5492] Built ClassFieldTheory.LubinTate.EqualCharacteristic.NormSubgroup.StandardSubgroupNorm (19s)
✔ [5255/5492] Built SawinTotallyRealTowers.UnramifiedProPRelationRank.Global.MaximalEverywhereUnramifiedProPFiniteSupport (24s)
✔ [5256/5492] Built ClassFieldTheory.AlgebraicNumberTheory.Idele.Cohomology.SPlaces.Herbrand.FamilyCardinality (51s)
✔ [5257/5493] Built ProCGroups.Categorical.ProfinitePullbacks (13s)
✔ [5258/5493] Built GaloisCohomology.Kummer.FiniteTowerBaseUnitsH2 (13s)
✔ [5259/5493] Built ClassFieldTheory.AlgebraicNumberTheory.AdeleBaseChange (59s)
✔ [5260/5493] Built SawinTotallyRealTowers.UnramifiedProPRelationRank.RelationRank.AbsoluteUnramifiedH2Localization (21s)
✔ [5261/5493] Built SawinTotallyRealTowers.UnramifiedProPRelationRank.RelationRank.FinitePlaceAbsoluteInertiaKernel (22s)
✔ [5262/5493] Built SawinTotallyRealTowers.RealProPStageLocalConditions (19s)
✔ [5263/5493] Built ClassFieldTheory.LocalClassFieldTheory.LubinTateApplication.NormSubgroup (19s)
✔ [5264/5493] Built ProCGroups.Categorical.QuotientPullbackEquivalences (10s)
✔ [5265/5497] Built ClassFieldTheory.LocalClassFieldTheory.Finite.LocalReciprocity.FixedFieldIntrinsicReciprocity.AmbientNormResidue (32s)
✔ [5266/5497] Built ClassFieldTheory.LocalClassFieldTheory.Finite.LocalReciprocity.FixedFieldIntrinsicReciprocity.AmbientPrimeNormTransport (35s)
✔ [5267/5497] Built SawinTotallyRealTowers.FiniteRealPExtensionSupport (18s)
✔ [5268/5497] Built ClassFieldTheory.LubinTate.EqualCharacteristic.FiniteLevel.UnitQuotientGalois (30s)
✔ [5269/5497] Built SawinTotallyRealTowers.QuadraticReality (12s)
✔ [5270/5498] Built GaloisCohomology.Kummer.Concrete.Cyclotomic.ProfiniteUnitDecomposition.FiniteOrder (51s)
✔ [5271/5498] Built GaloisCohomology.Kummer.FiniteGaloisTowerBaseUnitsH2Naturality (11s)
✔ [5272/5498] Built ClassFieldTheory.AlgebraicNumberTheory.Completion.UnramifiedComparison.CompletionToIdeal (39s)
✔ [5273/5498] Built ClassFieldTheory.AlgebraicNumberTheory.Idele.Cohomology.SPlaces.OutsideIntegralInduced.LocalInduction.Inclusion (75s)
✔ [5274/5498] Built SawinTotallyRealTowers.UnramifiedProPRelationRank.Local.UnramifiedBaseUnitsH2 (17s)
✔ [5275/5498] Built ProCGroups.ProC.OpenNormalSubgroups.Separation (8.2s)
✔ [5276/5498] Built SawinTotallyRealTowers.RationalSquarefree (6.8s)
✔ [5277/5498] Built ClassFieldTheory.AlgebraicNumberTheory.Idele.Extension.IdeleNorm (18s)
✔ [5278/5499] Built ClassFieldTheory.AlgebraicNumberTheory.Idele.Extension.IdealClass (25s)
✔ [5279/5499] Built SawinTotallyRealTowers.UnramifiedProPRelationRank.RelationRank.AbsoluteDiscreteRamificationSupport (21s)
✔ [5280/5499] Built SawinTotallyRealTowers.QuadraticCompositum (7.1s)
✔ [5281/5499] Built ClassFieldTheory.LocalClassFieldTheory.LubinTateApplication.EqualCharacteristicUpperFiltration (17s)
✔ [5282/5499] Built ProCGroups.ProP.ProfiniteFrattini (8.1s)
✔ [5283/5501] Built ClassFieldTheory.GlobalClassFieldTheory.Reciprocity.FinitePlaceArtin.TowerRestriction (96s)
✔ [5284/5501] Built SawinTotallyRealTowers.MaximalRealProPOutside (19s)
✔ [5285/5501] Built ClassFieldTheory.AlgebraicNumberTheory.Idele.Cohomology.SPlaces.Herbrand.Factors (52s)
✔ [5286/5501] Built SawinTotallyRealTowers.UnramifiedProPRelationRank.RelationRank.FinitePlaceUnramifiedH2LocalizationVanishing (38s)
✔ [5287/5501] Built SawinTotallyRealTowers.QuadraticSquarefreeGenerator (8.8s)
✔ [5288/5501] Built ClassFieldTheory.LocalClassFieldTheory.LubinTateApplication.LubinTateTransport (36s)
✔ [5289/5501] Built SawinTotallyRealTowers.UnramifiedProPRelationRank.Local.FiniteCyclicUnramifiedTowerH2Restriction (18s)
✔ [5290/5501] Built SawinTotallyRealTowers.FiveQuadraticSquareClasses (4.8s)
✔ [5291/5504] Built SawinTotallyRealTowers.ProTwoFrattini (7.3s)
✔ [5292/5504] Built ClassFieldTheory.GlobalClassFieldTheory.Reciprocity.OnePlaceNormKernel (19s)
✔ [5293/5504] Built ClassFieldTheory.GlobalClassFieldTheory.Reciprocity.NormQuotient (19s)
✔ [5294/5504] Built ClassFieldTheory.AlgebraicNumberTheory.Idele.Extension.IdeleClassBaseChange (19s)
✔ [5295/5504] Built SawinTotallyRealTowers.QuadraticAdmissibleLayer (17s)
✔ [5296/5504] Built SawinTotallyRealTowers.MaximalRealProPGroup (20s)
✔ [5298/5508] Built SawinTotallyRealTowers.RealProPOpenNormalStage (20s)
✔ [5299/5508] Built SawinTotallyRealTowers.QuadraticSupportedGenerator (17s)
✔ [5300/5508] Built SawinTotallyRealTowers.AbsoluteRealProPRestriction (18s)
✔ [5301/5508] Built SawinTotallyRealTowers.UnramifiedProPRelationRank.Local.FinitePGroupLocalUnitsH2Cyclic (18s)
✔ [5302/5508] Built ClassFieldTheory.AlgebraicNumberTheory.Idele.Extension.IdeleNormComponents (40s)
✔ [5304/5508] Built ClassFieldTheory.LocalClassFieldTheory.Finite.LocalReciprocity.FixedFieldIntrinsicReciprocity.AmbientPrimeWitness (66s)
✔ [5305/5509] Built ClassFieldTheory.AlgebraicNumberTheory.Idele.Cohomology.SPlaces.OutsideIntegralInduced.ChosenPlaceAction (54s)
✔ [5306/5509] Built ClassFieldTheory.LocalClassFieldTheory.LubinTateApplication.LaurentPrincipalUnitTransport (19s)
✔ [5308/5509] Built SawinTotallyRealTowers.SixPrimeSquareClasses (6.8s)
✔ [5309/5509] Built ClassFieldTheory.GlobalClassFieldTheory.GlobalClassFields.ConductorSupport (19s)
✔ [5310/5509] Built ClassFieldTheory.GlobalClassFieldTheory.Reciprocity.FiniteLocalFamily (18s)
✔ [5311/5509] Built SawinTotallyRealTowers.SixPrimeQuadraticCompositum (16s)
✔ [5312/5513] Built ClassFieldTheory.AlgebraicNumberTheory.Idele.ClassGroup.NormComparison (20s)
✔ [5313/5513] Built SawinTotallyRealTowers.QuadraticClosureClassification (17s)
✔ [5314/5513] Built SawinTotallyRealTowers.RealProPStageRestriction (18s)
✔ [5315/5513] Built ClassFieldTheory.AlgebraicNumberTheory.Idele.Extension.InfiniteOnePlaceBaseNorm (19s)
✔ [5316/5513] Built ClassFieldTheory.GlobalClassFieldTheory.Reciprocity.InfinitePlaceArtin (21s)
✔ [5317/5513] Built ClassFieldTheory.AlgebraicNumberTheory.Idele.Extension.OnePlaceBaseNorm (20s)
✔ [5318/5514] Built ClassFieldTheory.GlobalClassFieldTheory.Reciprocity.FinitePlaceArtin.CrossLocalRestriction (64s)
✔ [5319/5514] Built SawinTotallyRealTowers.QuadraticSquareDescent (8.9s)
✔ [5320/5514] Built ClassFieldTheory.AlgebraicNumberTheory.Idele.NormTopology.Continuity (21s)
✔ [5321/5514] Built ClassFieldTheory.LocalClassFieldTheory.Finite.LocalReciprocity.FixedFieldIntrinsicReciprocity.AmbientPrimeSymbolSetup (24s)
✔ [5322/5515] Built ClassFieldTheory.AlgebraicNumberTheory.Idele.Cohomology.SPlaces.OutsideIntegralInduced.ChosenPlaceIntegralBlockTensorSmul (22s)
✔ [5323/5515] Built SawinTotallyRealTowers.SquareRootAdjoin (7.0s)
✔ [5324/5517] Built ClassFieldTheory.LocalClassFieldTheory.LubinTateApplication.TransportedNormSubgroupExact (16s)
✔ [5325/5517] Built SawinTotallyRealTowers.UnramifiedProPRelationRank.Local.FinitePGroupLocalUnitsH2Structure (38s)
✔ [5326/5517] Built ClassFieldTheory.AlgebraicNumberTheory.Idele.Cohomology.SPlaces.OutsideIntegralInduced.ChosenPlaceIntegralBlockEquiv (30s)
✔ [5327/5517] Built ProCGroups.ProP.BurnsideBasis (7.4s)
✔ [5328/5517] Built ProCGroups.ProP.ElementaryAbelianRank (7.3s)
✔ [5329/5517] Built SawinTotallyRealTowers.SixPrimeQuadraticClassification (17s)
✔ [5330/5520] Built SawinTotallyRealTowers.AbsoluteRealKernelField (19s)
✔ [5331/5520] Built ClassFieldTheory.AlgebraicNumberTheory.Idele.Cohomology.SPlaces.OutsideIntegralInduced.ChosenPlaceIntegralBlockInclusion (39s)
✔ [5332/5520] Built ProCGroups.ProP.GeneratorRank (10s)
✔ [5333/5522] Built SawinTotallyRealTowers.MultiquadraticAdjoin (13s)
✔ [5334/5522] Built ProCGroups.Cohomology.FiniteInvariantCharacter (7.3s)
✔ [5335/5522] Built ClassFieldTheory.AlgebraicNumberTheory.Idele.ClassGroup.TowerBaseChange (37s)
✔ [5336/5524] Built SawinTotallyRealTowers.RealProTwoQuadraticFixedFields (20s)
✔ [5337/5524] Built SawinTotallyRealTowers.AbsoluteRealProPUnramified (18s)
✔ [5338/5526] Built ClassFieldTheory.AlgebraicNumberTheory.Idele.ClassGroup.AlgEquiv (44s)
✔ [5339/5526] Built ClassFieldTheory.LocalClassFieldTheory.LubinTateApplication.EqualCharacteristicTransportedUpperRamification (50s)
✔ [5340/5528] Built SawinTotallyRealTowers.NegativeThreeCharacter (19s)
✔ [5341/5528] Built ProCGroups.Cohomology.InvariantCharacterFiniteStage (7.5s)
✔ [5342/5528] Built ClassFieldTheory.AlgebraicNumberTheory.Idele.Cohomology.SPlaces.OutsideIntegralInduced.ChosenPlaceIntegralBlockEquivApply (23s)
✔ [5343/5528] Built ClassFieldTheory.AlgebraicNumberTheory.Idele.Cohomology.SPlaces.OutsideIntegralInduced.ChosenPlaceIntegralBlockInducedSmul (18s)
✔ [5344/5528] Built SawinTotallyRealTowers.FiveQuadraticDegree (16s)
✔ [5345/5528] Built GaloisCohomology.ProP.FiniteTransgressionLinear (11s)
✔ [5346/5528] Built SawinTotallyRealTowers.UnramifiedProPRelationRank.Local.FinitePlaceFieldUnitsH2 (41s)
✔ [5347/5528] Built SawinTotallyRealTowers.RealProTwoFrattiniField (17s)
✔ [5348/5528] Built SawinTotallyRealTowers.RealProPFrobenius (16s)
✔ [5349/5528] Built ProCGroups.Cohomology.RelativeNakayama (7.3s)
✔ [5350/5528] Built ProCGroups.Cohomology.InvariantCharacterFiniteFamily (6.9s)
✔ [5351/5533] Built ClassFieldTheory.AlgebraicNumberTheory.Idele.ClassGroup.NormalClosureNorm (21s)
✔ [5353/5538] Built SawinTotallyRealTowers.AbsoluteCharacterRealValue (17s)
✔ [5356/5539] Built GaloisCohomology.ProP.FiniteStageTransgression (9.7s)
✔ [5357/5539] Built ProCGroups.ProC.MaximalQuotients.ResidualCore (6.5s)
✔ [5358/5539] Built ClassFieldTheory.GlobalClassFieldTheory.Reciprocity.IdeleClassDirectLimitCore (27s)
✔ [5359/5539] Built ProCGroups.FreeProC.FinitelyGenerated (8.1s)
✔ [5360/5542] Built ProCGroups.ProP.MinimalEpimorphism (7.9s)
✔ [5361/5542] Built ClassFieldTheory.AlgebraicNumberTheory.Idele.ClassGroup.TowerAlgEquivNaturality (28s)
✔ [5362/5542] Built SawinTotallyRealTowers.RealProPFrobeniusCut (16s)
✔ [5363/5542] Built SawinTotallyRealTowers.RealProTwoFrattiniQuotient (18s)
✔ [5364/5542] Built ProCGroups.ProC.MaximalQuotients.UniversalProperty (6.1s)
✔ [5365/5542] Built GaloisCohomology.ProP.FiniteStageTransgressionLinear (11s)
✔ [5366/5542] Built ProCGroups.ProC.MaximalQuotients.ResidualQuotient (6.0s)
✔ [5367/5542] Built ProCGroups.ProP.Presentation.Minimal (8.0s)
✔ [5368/5543] Built ClassFieldTheory.AlgebraicNumberTheory.Idele.Cohomology.SPlaces.OutsideIntegralInduced.ChosenPlaceIntegralBlock (27s)
✔ [5369/5546] Built GaloisCohomology.ProP.FiniteStageTransgressionPrimitive (12s)
✔ [5370/5546] Built ProCGroups.Completion.Construction (8.1s)
✔ [5371/5546] Built ClassFieldTheory.LocalClassFieldTheory.Finite.LocalReciprocity.FixedFieldIntrinsicReciprocity.AmbientPrimeWitnessComparison (87s)
✔ [5372/5549] Built ProCGroups.ProP.Presentation.GeneratorRank (8.4s)
✔ [5373/5549] Built ClassFieldTheory.GlobalClassFieldTheory.Reciprocity.RationalPrincipalLocalUnit (18s)
✔ [5374/5549] Built GaloisCohomology.ProP.InvariantKernelH1 (11s)
✔ [5375/5549] Built ClassFieldTheory.AlgebraicNumberTheory.Idele.SufficientlyLarge (16s)
✔ [5376/5549] Built SawinTotallyRealTowers.RealProPFrobeniusFixedField (17s)
✔ [5377/5561] Built SawinTotallyRealTowers.RealProTwoGeneratorRank (18s)
✔ [5378/5567] Built ClassFieldTheory.LocalClassFieldTheory.LubinTateApplication.EqualCharacteristicTransportedLevelTower (53s)
✔ [5379/5584] Built ProCGroups.FreeProC.Construction (8.3s)
✔ [5380/5599] Built GaloisCohomology.ProP.FiniteStageTransgressionKernel (10s)
✔ [5381/5599] Built ProCGroups.ProP.Presentation.RelationCardinal (8.2s)
✔ [5382/5599] Built ProCGroups.CompletedGroupAlgebra.ProfiniteModules.Basic.Definitions (7.8s)
✔ [5383/5599] Built GaloisCohomology.ProP.PresentationH2KernelCharacter (12s)
✔ [5384/5601] Built ProCGroups.Completion.ProCInteger (9.5s)
✔ [5385/5601] Built ProCGroups.GolodShafarevich.NumericalCriterion (9.2s)
✔ [5387/5604] Built GaloisCohomology.ProP.ClosedKernelH2FiniteFamily (11s)
✔ [5388/5609] Built ProCGroups.ProP.Presentation.RelationNakayama (9.1s)
✔ [5389/5609] Built ClassFieldTheory.GlobalClassFieldTheory.Reciprocity.IdeleClassDirectLimitFiniteLevelCore (37s)
✔ [5390/5609] Built ProCGroups.CompletedGroupAlgebra.ProfiniteModules.Basic.OpenSubmodule (8.5s)
✔ [5391/5609] Built ProCGroups.Completion.ProCIntegerPrimePower (7.3s)
✔ [5392/5609] Built ClassFieldTheory.LocalClassFieldTheory.Finite.LocalReciprocity.FixedFieldIntrinsicReciprocity.AmbientPrimeComparison (22s)
✔ [5393/5609] Built ProCGroups.FoxDifferential.Common.CrossedDifferential (8.7s)
✔ [5394/5612] Built ProCGroups.FoxDifferential.Completed.CoefficientRings.CompletedGroupAlgebra (7.3s)
✔ [5395/5618] Built ClassFieldTheory.AlgebraicNumberTheory.Idele.Cohomology.SupportedBridge (23s)
✔ [5396/5618] Built GaloisCohomology.ProP.PresentationH2UpperBound (13s)
✔ [5397/5618] Built GaloisCohomology.ProP.ClosedKernelFiniteGeneration (10s)
✔ [5398/5618] Built GaloisCohomology.ProP.RelationRankH1 (11s)
✔ [5399/5618] Built ProCGroups.CompletedGroupAlgebra.ProfiniteModules.Basic.FiniteQuotients (8.4s)
✔ [5400/5618] Built ProCGroups.FoxDifferential.Common.Jacobian (5.6s)
✔ [5401/5618] Built ProCGroups.FoxDifferential.Completed.CoefficientRings.CompletedGroupAlgebraModN.InClass.Basic (7.2s)
✔ [5402/5618] Built ProCGroups.FoxDifferential.Common.CrossedDifferentialModule (12s)
✔ [5403/5618] Built ProCGroups.CompletedGroupAlgebra.ProfiniteModules.Basic.Generators (7.7s)
✔ [5404/5698] Built GaloisCohomology.ProP.FinitePresentationExistence (10s)
✔ [5405/5704] Built ProCGroups.FoxDifferential.Common.FreeCrossedDifferential (7.5s)
✔ [5406/5704] Built ClassFieldTheory.AlgebraicNumberTheory.Idele.Cohomology.SPlaces.OutsideIntegralInduced.ChosenPlace (48s)
✔ [5407/5704] Built ProCGroups.FoxDifferential.Completed.CoefficientRings.CompletedGroupAlgebraModN.CoeffMap (7.2s)
✔ [5408/5704] Built SawinTotallyRealTowers.UnramifiedProPRelationRank.Kummer.FiniteRootIdeleSupport (17s)
✔ [5409/5704] Built ProCGroups.FoxDifferential.Common.FoxBoundary (6.1s)
✔ [5410/5705] Built GaloisCohomology.ProP.PresentationH2LowerBound (16s)
✔ [5411/5705] Built ProCGroups.ProC.Kernels (7.2s)
✔ [5412/5705] Built ProCGroups.CompletedGroupAlgebra.ProfiniteModules.Basic.OpenIdeals (8.7s)
✔ [5413/5705] Built ClassFieldTheory.GlobalClassFieldTheory.ClassFieldAxiom.IdeleClassPowerLocalUnitQuotient.SupportedPrincipalQuotient (24s)
✔ [5414/5705] Built ProCGroups.FoxDifferential.Completed.CoefficientRings.CompletedGroupAlgebraPrimePower.Basic.StageCoeffMap.Coeff (6.4s)
✔ [5415/5764] Built ProCGroups.FoxDifferential.Common.FiniteFamilyLinearMap (5.7s)
✔ [5417/5764] Built ProCGroups.FoxDifferential.Completed.CoefficientRings.CompletedGroupAlgebraModN.InClass.StageCoeffMap (7.1s)
✔ [5418/5764] Built ProCGroups.FoxDifferential.Completed.CoefficientRings.CompletedGroupAlgebraModN.InClass.Augmentation (6.8s)
✔ [5419/5765] Built GaloisCohomology.ProP.RelationRankH2 (9.7s)
✔ [5420/5772] Built ProCGroups.ProP.Presentation.FiniteGeneration (8.5s)
✔ [5423/5772] Built ProCGroups.CompletedGroupAlgebra.ProfiniteModules.FiniteGroupAlgebra.Topology (11s)
✔ [5424/5772] Built ClassFieldTheory.LocalClassFieldTheory.Finite.LocalReciprocity.FixedFieldIntrinsicReciprocity.NormRestriction (44s)
✔ [5425/5772] Built ProCGroups.ReidemeisterSchreier.RightQuotient (5.7s)
✔ [5426/5772] Built ProCGroups.ReidemeisterSchreier.FreeGroup.PrefixParent (5.5s)
✔ [5427/5772] Built SawinTotallyRealTowers.UnramifiedProPRelationRank.Local.UnramifiedFinitePlaceIntegralBlockH2 (33s)
✔ [5428/5773] Built ProCGroups.CompletedGroupAlgebra.ProfiniteModules.FiniteGroupAlgebra.Functoriality (14s)
✔ [5429/5773] Built SawinTotallyRealTowers.FinitePlaceDecompositionSplit (20s)
✔ [5430/5773] Built ClassFieldTheory.GlobalClassFieldTheory.Cohomology.IdeleClassHerbrandSupportedFinal (42s)
✔ [5431/5775] Built ProCGroups.ReidemeisterSchreier.Discrete.OpenSubgroups.Words.Basic (4.1s)
✔ [5433/5776] Built ProCGroups.FoxDifferential.Completed.ProCIntegerCoefficients.Core (26s)
✔ [5435/5780] Built ClassFieldTheory.GlobalClassFieldTheory.Reciprocity.IdeleClassDirectLimitFiniteLevel (71s)
✔ [5436/5782] Built ProCGroups.ReidemeisterSchreier.Discrete.OpenSubgroups.Transversals (6.0s)
✔ [5440/5783] Built ClassFieldTheory.KummerTheory.Concrete.SimpleExtensionLocalBehavior (47s)
✔ [5441/5785] Built ClassFieldTheory.LocalClassFieldTheory.Finite.LocalReciprocity.SemilinearNaturality (18s)
✔ [5443/5785] Built ProCGroups.FoxDifferential.Completed.ProCIntegerCoefficients.FreeGroup.Derivative (8.3s)
✔ [5444/5788] Built ProCGroups.CompletedGroupAlgebra.ProfiniteModules.FiniteGroupAlgebra.Augmentation.Abstract (11s)
✔ [5445/5788] Built ProCGroups.ReidemeisterSchreier.Quiver (3.8s)
✔ [5446/5788] Built ProCGroups.FoxDifferential.Completed.ProCIntegerCoefficients.AugmentationIdeal.Basic (8.1s)
✔ [5447/5788] Built ClassFieldTheory.AlgebraicNumberTheory.Idele.Relative.FiniteIntegralNormPreimage (54s)
✔ [5448/5788] Built ProCGroups.ReidemeisterSchreier.Discrete.OpenSubgroups.Generators (7.4s)
✔ [5449/5788] Built ProCGroups.ReidemeisterSchreier.Schreier (2.6s)
✔ [5450/5788] Built ProCGroups.ReidemeisterSchreier.FreeGroup.Automorphisms (6.4s)
✔ [5451/5788] Built ClassFieldTheory.LocalClassFieldTheory.LubinTateApplication.PadicMultiplicativeArtinComparison (44s)
✔ [5452/5788] Built ProCGroups.ReidemeisterSchreier.Groupoid (7.1s)
✔ [5453/5788] Built ClassFieldTheory.LocalClassFieldTheory.Finite.LocalReciprocity.ValuationSemilinear (18s)
✔ [5454/5788] Built SawinTotallyRealTowers.UnramifiedProPRelationRank.Radical.FinitePlaceCompletionValuationCompatibility (21s)
✔ [5455/5788] Built ClassFieldTheory.KummerTheory.Concrete.SUnitKummerUnramified (24s)
✔ [5456/5788] Built ProCGroups.FoxDifferential.Completed.ProCIntegerCoefficients.FreeGroup.Coordinates (10s)
✔ [5457/5788] Built SawinTotallyRealTowers.UnramifiedProPRelationRank.Radical.FinitePlaceDecompositionAdicEquiv (27s)
✔ [5458/5788] Built ProCGroups.GroupTheory.Subgroups (7.7s)
✔ [5459/5793] Built ProCGroups.CompletedGroupAlgebra.ProfiniteModules.FiniteGroupAlgebra.Augmentation.Completed (13s)
✔ [5460/5793] Built SawinTotallyRealTowers.UnramifiedProPRelationRank.Local.SupportedSPlaceFactorsH2Localization (48s)
✔ [5461/5797] Built ProCGroups.FoxDifferential.Completed.ProCIntegerCoefficients.Augmentation (10s)
✔ [5463/5797] Built ProCGroups.ReidemeisterSchreier.Discrete.OpenSubgroups.Words.NielsenSchreierCompat (7.6s)
✔ [5464/5798] Built ProCGroups.FoxDifferential.Completed.ProCIntegerCoefficients.FreeGroup.Fundamental (9.0s)
✔ [5465/5803] Built ClassFieldTheory.AlgebraicNumberTheory.Idele.Norm (21s)
✔ [5466/5803] Built ProCGroups.ReidemeisterSchreier.Discrete.OpenSubgroups.PrefixTree (9.0s)
✔ [5467/5803] Built ClassFieldTheory.GlobalClassFieldTheory.ClassFieldAxiom.KummerLocalNormContainment (47s)
✔ [5468/5804] Built ProCGroups.CompletedGroupAlgebra.ProfiniteModules.FiniteGroupAlgebra.UnitRepresentation (12s)
✔ [5469/5804] Built ProCGroups.ProP.Zassenhaus.FiniteLinearization (12s)
✔ [5470/5804] Built ClassFieldTheory.GlobalClassFieldTheory.Reciprocity.IdeleClassDirectLimitFixedPointDescentCore (52s)
✔ [5471/5804] Built ProCGroups.FoxDifferential.Completed.ProCIntegerCoefficients.Naturality (12s)
✔ [5472/5804] Built ClassFieldTheory.AlgebraicNumberTheory.NumberField.SchurPrimeDivisors (6.0s)
✔ [5473/5804] Built ProCGroups.FoxDifferential.Completed.Semidirect (8.7s)
✔ [5474/5804] Built SawinTotallyRealTowers.UnramifiedProPRelationRank.Radical.FinitePlaceH1AdicRestriction (21s)
✔ [5475/5804] Built ClassFieldTheory.AlgebraicNumberTheory.NumberField.IntegralPrimitiveElement (11s)
✔ [5476/5805] Built ClassFieldTheory.LocalClassFieldTheory.Finite.Existence.EqualCharacteristic (32s)
✔ [5477/5805] Built SawinTotallyRealTowers.FrobeniusWeightBudget (8.0s)
✔ [5478/5805] Built ProCGroups.ReidemeisterSchreier.Discrete.OpenSubgroups.FreeBasis (9.3s)
✔ [5479/5811] Built ClassFieldTheory.GlobalClassFieldTheory.Reciprocity.FinitePlaceArtin.NormRestriction (90s)
✔ [5480/5811] Built ProCGroups.CompletedGroupAlgebra.Basic.InClass.Index (10s)
✔ [5481/5811] Built ProCGroups.ProP.Zassenhaus.FiniteAugmentationSquare (11s)
✔ [5482/5811] Built ClassFieldTheory.AlgebraicNumberTheory.Idele.NormTopology.FiniteNormArithmetic (19s)
✔ [5483/5811] Built ClassFieldTheory.GlobalClassFieldTheory.Cohomology.CyclicPrimePowerFullDecomposition (22s)
✔ [5484/5811] Built ProCGroups.ReidemeisterSchreier.Profinite.OpenSubgroups.RankBound (9.6s)
✔ [5485/5811] Built ClassFieldTheory.AlgebraicNumberTheory.NumberField.DegreeOnePrimes (11s)
✔ [5486/5811] Built ProCGroups.ProP.ClosedChainStabilization (8.7s)
✔ [5487/5811] Built ProCGroups.FoxDifferential.Completed.FreeProC.SemidirectLift (13s)
✔ [5488/5815] Built ProCGroups.CompletedGroupAlgebra.InClassFunctoriality.ComapIndex (10s)
✔ [5489/5815] Built ClassFieldTheory.LocalClassFieldTheory.Finite.Existence.Classification (17s)
✔ [5490/5815] Built ClassFieldTheory.LocalClassFieldTheory.Finite.LocalReciprocity.FixedFieldIntrinsicReciprocity.IntrinsicFrobeniusQuotientTransport (423s)
✔ [5491/5815] Built ClassFieldTheory.GlobalClassFieldTheory.Reciprocity.CyclotomicTorsionFixedField (368s)
✔ [5492/5815] Built ProCGroups.CompletedGroupAlgebra.Basic.InClass.Stage (10s)
✔ [5493/5815] Built ProCGroups.CompletedGroupAlgebra.Basic.AllFinite.Index (10s)
✔ [5494/5815] Built ProCGroups.ProP.Zassenhaus.FiniteDegreeOne (10s)
✔ [5495/5816] Built ProCGroups.FiniteGeneration.OpenSubgroups (7.8s)
✔ [5496/5816] Built ProCGroups.FoxDifferential.Completed.FreeProC.Uniqueness.Morphism (9.2s)
✔ [5497/5817] Built ClassFieldTheory.GlobalClassFieldTheory.GlobalClassFields.NormConductor (42s)
✔ [5498/5817] Built ProCGroups.FoxDifferential.Completed.FreeProC.Uniqueness.SemidirectHom (9.4s)
✔ [5499/5817] Built ProCGroups.FoxDifferential.Completed.FreeProC.Density (10s)
✔ [5500/5817] Built ClassFieldTheory.AlgebraicNumberTheory.Idele.NormTopology.ArchimedeanNorm (20s)
✔ [5501/5817] Built ClassFieldTheory.AlgebraicNumberTheory.Idele.NormTopology.ExtensionBehavior (19s)
✔ [5502/5817] Built ClassFieldTheory.GlobalClassFieldTheory.Reciprocity.FinitePlaceArtin.Core (28s)
✔ [5503/5817] Built ClassFieldTheory.AlgebraicNumberTheory.NumberField.CompletelySplitPrimes (18s)
✔ [5504/5817] Built ClassFieldTheory.GlobalClassFieldTheory.Cohomology.CofinitelySplitFiniteExtension (21s)
✔ [5505/5820] Built ClassFieldTheory.GlobalClassFieldTheory.ClassFieldAxiom.SUnitKummerPrimeSelection.BasePlaceSelection (21s)
✔ [5506/5820] Built ClassFieldTheory.AlgebraicNumberTheory.NumberField.TameDifferentTrace (17s)
✔ [5507/5820] Built ClassFieldTheory.GlobalClassFieldTheory.Reciprocity.IdeleClassDirectLimitFixedPointDescent (45s)
✔ [5508/5820] Built ProCGroups.CompletedGroupAlgebra.Basic.InClass.System (10s)
✔ [5509/5820] Built ProCGroups.FoxDifferential.Completed.CoefficientRings.CompletedGroupAlgebraModN.System.Basic (10s)
✔ [5510/5820] Built ProCGroups.CompletedGroupAlgebra.AllFiniteFunctoriality.Comap (10s)
✔ [5511/5820] Built ProCGroups.ProP.CountableRelatorFiniteWitness (9.3s)
✔ [5512/5820] Built ProCGroups.CompletedGroupAlgebra.Basic.AllFinite.Stage (11s)
✔ [5513/5820] Built ClassFieldTheory.AlgebraicNumberTheory.Galois.UnboundedDegree (8.3s)
✔ [5514/5820] Built ProCGroups.FoxDifferential.Completed.FreeProC.Uniqueness.Lift (8.7s)
✔ [5515/5820] Built ClassFieldTheory.LocalClassFieldTheory.Infinite.FiniteAbelianQuotientKernels (20s)
✔ [5516/5820] Built ProCGroups.FoxDifferential.Completed.FreeProC.Uniqueness.Derivative (9.2s)
✔ [5517/5820] Built ClassFieldTheory.AlgebraicNumberTheory.NumberField.RootDiscriminantBound (16s)
✔ [5518/5820] Built ClassFieldTheory.AlgebraicNumberTheory.Idele.NormTopology.IdeleClassNorm (22s)
✔ [5519/5821] Built ClassFieldTheory.AlgebraicNumberTheory.NumberField.GaloisDifferentBound (17s)
✔ [5520/5821] Built ClassFieldTheory.AlgebraicNumberTheory.NumberField.CompletelySplitFinset (21s)
✔ [5521/5821] Built ClassFieldTheory.AlgebraicNumberTheory.NumberField.CompletelySplitPrimesModFour (22s)
✔ [5522/5844] Built ClassFieldTheory.GlobalClassFieldTheory.ClassFieldAxiom.SUnitKummerPrimeSelection.PrimeSet (22s)
✔ [5594/5939] Built ProCGroups.CompletedGroupAlgebra.Basic.InClass.LimitAlgebra (16s)
✔ [6792/7097] Built ClassFieldTheory.GlobalClassFieldTheory.Reciprocity.FiniteIdeleArtin (28s)
✔ [6799/7097] Built ClassFieldTheory.GlobalClassFieldTheory.ClassFieldAxiom.SUnitKummerPrimeSelection.CoordinatePlaces (28s)
✔ [6801/7141] Built ProCGroups.FoxDifferential.Completed.FreeProC.Uniqueness.Existence (10s)
✔ [7911/8258] Built ProCGroups.CompletedGroupAlgebra.Basic.AllFinite.Carrier (13s)
✔ [7989/8327] Built ProCGroups.FoxDifferential.Completed.CoefficientRings.CompletedGroupAlgebraModN.System.AddCommGroup (15s)
✔ [9146/9473] Built ProCGroups.CompletedGroupAlgebra.Basic.InClass.Projection (12s)
✔ [10018/10313] Built ClassFieldTheory.AlgebraicNumberTheory.NumberField.SupportedDiscriminantBound (17s)
✔ [10019/10313] Built ClassFieldTheory.LocalClassFieldTheory.Infinite.ProfiniteLocalReciprocity (24s)
✔ [10020/10316] Built ProCGroups.FoxDifferential.Completed.CoefficientRings.CompletedGroupAlgebraModN.System.CompletionMap (11s)
✔ [10021/10316] Built ProCGroups.CompletedGroupAlgebra.Basic.AllFinite.Ring (13s)
✔ [10022/10316] Built ClassFieldTheory.GlobalClassFieldTheory.Reciprocity.RationalCyclotomicFinitePlace (20s)
✔ [10023/10316] Built ProCGroups.CompletedGroupAlgebra.Basic.InClass.Topology (12s)
✔ [10024/10316] Built ClassFieldTheory.GlobalClassFieldTheory.Reciprocity.GlobalArtin (24s)
✔ [10025/10316] Built ClassFieldTheory.GlobalClassFieldTheory.ClassFieldAxiom.SUnitKummerPrimeSelection.DecompositionFields (24s)
✔ [10026/10316] Built ClassFieldTheory.GlobalClassFieldTheory.Reciprocity.IdeleClassDirectLimitFixedPoints (56s)
✔ [10027/10316] Built ProCGroups.FoxDifferential.Completed.Residue.Core (11s)
✔ [10028/10316] Built ProCGroups.FoxDifferential.Completed.CoefficientRings.CompletedGroupAlgebraPrimePower.Basic.StageCoeffMap.AllFinite (11s)
✔ [10029/10316] Built SawinTotallyRealTowers.SawinDiscriminantBound (18s)
✔ [10030/10316] Built ClassFieldTheory.LocalClassFieldTheory.Infinite.AbsoluteArtinRestriction (18s)
✔ [10031/10316] Built ProCGroups.FoxDifferential.Completed.CoefficientRings.CompletedGroupAlgebraModN.Augmentation (11s)
✔ [10032/10317] Built SawinTotallyRealTowers.UnramifiedProPRelationRank.Kummer.LocalReciprocityCharacterPairing (19s)
✔ [10033/10317] Built ErdosUnitDistance.Statement (10s)
✔ [10034/10321] Built ProCGroups.CompletedGroupAlgebra.Basic.AllFinite.Projections (11s)
✔ [10035/10321] Built ProCGroups.FoxDifferential.Completed.Residue.FreeGroup.Basic (13s)
✔ [10036/10321] Built ProCGroups.FoxDifferential.Completed.CoefficientRings.CompletedGroupAlgebraModN.AugmentationIdeal (13s)
✔ [10037/10322] Built SawinTotallyRealTowers.UnramifiedProPRelationRank.Local.LocalAbsoluteArtinEmbedding (21s)
✔ [10038/10322] Built ClassFieldTheory.GlobalClassFieldTheory.Reciprocity.CyclotomicZHatBaseChange (104s)
✔ [10039/10322] Built ClassFieldTheory.GlobalClassFieldTheory.ClassFieldAxiom.SUnitKummerPrimeSelection.Conclusion (25s)
✔ [10040/10322] Built SawinTotallyRealTowers.UnramifiedProPRelationRank.Kummer.LocalReciprocityCharacterFixedField (21s)
✔ [10041/10322] Built ErdosUnitDistance.Internal.OverlapAreaDef (9.7s)
✔ [10042/10322] Built ErdosUnitDistance.Basic (11s)
✔ [10043/10322] Built SawinTotallyRealTowers.UnramifiedProPRelationRank.Radical.FiniteSupportLocalReciprocityIdeleCharacter (20s)
✔ [10044/10322] Built ProCGroups.CompletedGroupAlgebra.Basic.AllFinite.Topology (11s)
✔ [10046/10329] Built ProCGroups.FoxDifferential.Completed.Residue.FreeGroup.Universal (11s)
ℹ [10047/10329] Built Jsp108.Asymptotic (64s)
info: Jsp108/Asymptotic.lean:82:0: 'Jsp108.not_subpolynomial_eventually_of_dense_transfer' depends on axioms: [propext, Classical.choice, Quot.sound]
info: Jsp108/Asymptotic.lean:83:0: 'Jsp108.not_subpolynomial_of_dense_transfer' depends on axioms: [propext, Classical.choice, Quot.sound]
✔ [10048/10329] Built ProCGroups.FoxDifferential.Completed.CoefficientRings.CompletedGroupAlgebraPrimePower.Basic.Augmentation (11s)
✔ [10049/10329] Built Jsp108.Counting (68s)
ℹ [10050/10329] Built Jsp108.Pruning (63s)
info: Jsp108/Pruning.lean:139:0: 'Jsp108.core_of_dense_card' depends on axioms: [propext, Classical.choice, Quot.sound]
✔ [10051/10329] Built ClassFieldTheory.GlobalClassFieldTheory.Reciprocity.IdeleClassDirectLimitAbstractFixedField (44s)
✔ [10052/10329] Built SawinTotallyRealTowers.UnramifiedProPRelationRank.Local.LocalAbsoluteArtinSemilinear (19s)
✔ [10053/10329] Built ProCGroups.FoxDifferential.Completed.Residue.FreeGroup.Coordinates (11s)
✔ [10054/10329] Built ProCGroups.CompletedGroupAlgebra.Basic.ClassComparison (12s)
✔ [10055/10329] Built ProCGroups.FoxDifferential.Completed.CoefficientRings.CompletedGroupAlgebraPrimePower.System.Basic (10s)
⚠ [10056/10329] Built ErdosUnitDistance.Internal.NumberFields.OverlapArea (22s)
warning: ErdosUnitDistance/Internal/NumberFields/OverlapArea.lean:65:8: try 'simp' instead of 'simpa'

Note: This linter can be disabled with `set_option linter.unnecessarySimpa false`
warning: ErdosUnitDistance/Internal/NumberFields/OverlapArea.lean:94:16: This simp argument is unused:
  pow_two

Hint: Omit it from the simp argument list.
  [apply] simp [Pi.sub_apply, id_eq]

Note: This linter can be disabled with `set_option linter.unusedSimpArgs false`
warning: ErdosUnitDistance/Internal/NumberFields/OverlapArea.lean:94:25: This simp argument is unused:
  Pi.sub_apply

Hint: Omit it from the simp argument list.
  [apply] simp [pow_two, id_eq]

Note: This linter can be disabled with `set_option linter.unusedSimpArgs false`
warning: ErdosUnitDistance/Internal/NumberFields/OverlapArea.lean:109:47: Unused tactic linter: `simp [add_assoc]` does nothing

Note: This linter can be disabled with `set_option linter.unusedTactic false`
warning: ErdosUnitDistance/Internal/NumberFields/OverlapArea.lean:109:47: this tactic is never executed

Note: This linter can be disabled with `set_option linter.unreachableTactic false`
warning: ErdosUnitDistance/Internal/NumberFields/OverlapArea.lean:93:86: Used `tac1 <;> tac2` where `(tac1; tac2)` would suffice

Note: This linter can be disabled with `set_option linter.unnecessarySeqFocus false`
warning: ErdosUnitDistance/Internal/NumberFields/OverlapArea.lean:105:53: Used `tac1 <;> tac2` where `(tac1; tac2)` would suffice

Note: This linter can be disabled with `set_option linter.unnecessarySeqFocus false`
warning: ErdosUnitDistance/Internal/NumberFields/OverlapArea.lean:464:8: try 'simp' instead of 'simpa'

Note: This linter can be disabled with `set_option linter.unnecessarySimpa false`
✔ [10057/10329] Built ProCGroups.CompletedGroupAlgebra.OpenFiniteQuotientTopology.CanonicalMaps (14s)
✔ [10058/10329] Built ProCGroups.FoxDifferential.Completed.CoefficientRings.CompletedGroupAlgebraPrimePower.System.Ring.AddCommGroup (13s)
✔ [10059/10329] Built ClassFieldTheory.GlobalClassFieldTheory.ClassFieldAxiom.SUnitLocalPowerMap (36s)
⚠ [10060/10329] Built ErdosUnitDistance.Internal.NumberFields.MinkowskiBoundProof (32s)
warning: ErdosUnitDistance/Internal/NumberFields/MinkowskiBoundProof.lean:2:0: Use RingTheory.RamificationInertia.Basic
'Mathlib.NumberTheory.RamificationInertia.Basic' has been deprecated: please replace this import by

import Mathlib.LinearAlgebra.Dimension.DivisionRing
import Mathlib.NumberTheory.RamificationInertia.Inertia
import Mathlib.NumberTheory.RamificationInertia.Ramification
import Mathlib.RingTheory.Ideal.Norm.AbsNorm
warning: ErdosUnitDistance/Internal/NumberFields/MinkowskiBoundProof.lean:61:5: `Ideal.finite_setOf_absNorm_le₀` has been deprecated: Use `Ideal.finite_setOfPred_absNorm_le₀` instead
warning: ErdosUnitDistance/Internal/NumberFields/MinkowskiBoundProof.lean:58:2: Try this: 
  letI̵

The goal is a proposition, so `let` is preferred over `letI`.
The difference between `let` and `letI` is that `letI` inlines the value.
But this is not relevant for proofs because of proof irrelevance.

Note: This linter can be disabled with `set_option linter.style.haveILetI false`
warning: ErdosUnitDistance/Internal/NumberFields/MinkowskiBoundProof.lean:71:2: Try this: 
  letI̵

The goal is a proposition, so `let` is preferred over `letI`.
The difference between `let` and `letI` is that `letI` inlines the value.
But this is not relevant for proofs because of proof irrelevance.

Note: This linter can be disabled with `set_option linter.style.haveILetI false`
warning: ErdosUnitDistance/Internal/NumberFields/MinkowskiBoundProof.lean:106:4: try 'simp' instead of 'simpa'

Note: This linter can be disabled with `set_option linter.unnecessarySimpa false`
warning: ErdosUnitDistance/Internal/NumberFields/MinkowskiBoundProof.lean:119:26: `Ideal.finite_setOf_absNorm_eq` has been deprecated: Use `Ideal.finite_setOfPred_absNorm_eq` instead
warning: ErdosUnitDistance/Internal/NumberFields/MinkowskiBoundProof.lean:114:38: This simp argument is unused:
  Finset.mem_Icc

Hint: Omit it from the simp argument list.
  [apply] simp [Set.coe_eq_subtype]

Note: This linter can be disabled with `set_option linter.unusedSimpArgs false`
warning: ErdosUnitDistance/Internal/NumberFields/MinkowskiBoundProof.lean:152:13: This simp argument is unused:
  Real.rpow_natCast

Hint: Omit it from the simp argument list.
  [apply] simp [a]

Note: This linter can be disabled with `set_option linter.unusedSimpArgs false`
warning: ErdosUnitDistance/Internal/NumberFields/MinkowskiBoundProof.lean:361:52: This simp argument is unused:
  sup_comm

Hint: Omit it from the simp argument list.
  [apply] simp [J, L, sup_assoc, sup_left_comm]

Note: This linter can be disabled with `set_option linter.unusedSimpArgs false`
warning: ErdosUnitDistance/Internal/NumberFields/MinkowskiBoundProof.lean:435:52: This simp argument is unused:
  sup_comm

Hint: Omit it from the simp argument list.
  [apply] simp [J, L, sup_assoc, sup_left_comm]

Note: This linter can be disabled with `set_option linter.unusedSimpArgs false`
warning: ErdosUnitDistance/Internal/NumberFields/MinkowskiBoundProof.lean:576:4: try 'simp' instead of 'simpa'

Note: This linter can be disabled with `set_option linter.unnecessarySimpa false`
warning: ErdosUnitDistance/Internal/NumberFields/MinkowskiBoundProof.lean:581:4: Try this: 
  letI̵

The goal is a proposition, so `let` is preferred over `letI`.
The difference between `let` and `letI` is that `letI` inlines the value.
But this is not relevant for proofs because of proof irrelevance.

Note: This linter can be disabled with `set_option linter.style.haveILetI false`
warning: ErdosUnitDistance/Internal/NumberFields/MinkowskiBoundProof.lean:582:4: Try this: 
  letI̵

The goal is a proposition, so `let` is preferred over `letI`.
The difference between `let` and `letI` is that `letI` inlines the value.
But this is not relevant for proofs because of proof irrelevance.

Note: This linter can be disabled with `set_option linter.style.haveILetI false`
warning: ErdosUnitDistance/Internal/NumberFields/MinkowskiBoundProof.lean:595:4: Try this: 
  letI̵

The goal is a proposition, so `let` is preferred over `letI`.
The difference between `let` and `letI` is that `letI` inlines the value.
But this is not relevant for proofs because of proof irrelevance.

Note: This linter can be disabled with `set_option linter.style.haveILetI false`
warning: ErdosUnitDistance/Internal/NumberFields/MinkowskiBoundProof.lean:605:2: Try this: 
  letI̵

The goal is a proposition, so `let` is preferred over `letI`.
The difference between `let` and `letI` is that `letI` inlines the value.
But this is not relevant for proofs because of proof irrelevance.

Note: This linter can be disabled with `set_option linter.style.haveILetI false`
warning: ErdosUnitDistance/Internal/NumberFields/MinkowskiBoundProof.lean:606:2: Try this: 
  haveI̵

The goal is a proposition, so `have` is preferred over `haveI`.
The difference between `have` and `haveI` is that `haveI` inlines the value.
But this is not relevant for proofs because of proof irrelevance.

Note: This linter can be disabled with `set_option linter.style.haveILetI false`
warning: ErdosUnitDistance/Internal/NumberFields/MinkowskiBoundProof.lean:698:2: Try this: 
  letI̵

The goal is a proposition, so `let` is preferred over `letI`.
The difference between `let` and `letI` is that `letI` inlines the value.
But this is not relevant for proofs because of proof irrelevance.

Note: This linter can be disabled with `set_option linter.style.haveILetI false`
warning: ErdosUnitDistance/Internal/NumberFields/MinkowskiBoundProof.lean:699:2: Try this: 
  letI̵

The goal is a proposition, so `let` is preferred over `letI`.
The difference between `let` and `letI` is that `letI` inlines the value.
But this is not relevant for proofs because of proof irrelevance.

Note: This linter can be disabled with `set_option linter.style.haveILetI false`
warning: ErdosUnitDistance/Internal/NumberFields/MinkowskiBoundProof.lean:705:4: Try this: 
  letI̵

The goal is a proposition, so `let` is preferred over `letI`.
The difference between `let` and `letI` is that `letI` inlines the value.
But this is not relevant for proofs because of proof irrelevance.

Note: This linter can be disabled with `set_option linter.style.haveILetI false`
warning: ErdosUnitDistance/Internal/NumberFields/MinkowskiBoundProof.lean:732:49: `prod_normalizedFactors_eq_self` has been deprecated: Use `Ideal.prod_normalizedFactors_eq_self` instead
warning: ErdosUnitDistance/Internal/NumberFields/MinkowskiBoundProof.lean:734:19: `prod_normalizedFactors_eq_self` has been deprecated: Use `Ideal.prod_normalizedFactors_eq_self` instead
warning: ErdosUnitDistance/Internal/NumberFields/MinkowskiBoundProof.lean:733:47: try 'simp' instead of 'simpa'

Note: This linter can be disabled with `set_option linter.unnecessarySimpa false`
warning: ErdosUnitDistance/Internal/NumberFields/MinkowskiBoundProof.lean:746:84: `prod_normalizedFactors_eq_self` has been deprecated: Use `Ideal.prod_normalizedFactors_eq_self` instead
warning: ErdosUnitDistance/Internal/NumberFields/MinkowskiBoundProof.lean:759:6: try 'simp' instead of 'simpa'

Note: This linter can be disabled with `set_option linter.unnecessarySimpa false`
warning: ErdosUnitDistance/Internal/NumberFields/MinkowskiBoundProof.lean:826:10: This simp argument is unused:
  Real.rpow_natCast

Hint: Omit it from the simp argument list.
  [apply] simp

Note: This linter can be disabled with `set_option linter.unusedSimpArgs false`
warning: ErdosUnitDistance/Internal/NumberFields/MinkowskiBoundProof.lean:884:2: Try this: 
  letI̵

The goal is a proposition, so `let` is preferred over `letI`.
The difference between `let` and `letI` is that `letI` inlines the value.
But this is not relevant for proofs because of proof irrelevance.

Note: This linter can be disabled with `set_option linter.style.haveILetI false`
warning: ErdosUnitDistance/Internal/NumberFields/MinkowskiBoundProof.lean:885:2: Try this: 
  letI̵

The goal is a proposition, so `let` is preferred over `letI`.
The difference between `let` and `letI` is that `letI` inlines the value.
But this is not relevant for proofs because of proof irrelevance.

Note: This linter can be disabled with `set_option linter.style.haveILetI false`
warning: ErdosUnitDistance/Internal/NumberFields/MinkowskiBoundProof.lean:894:29: `Ideal.finite_setOf_absNorm_eq` has been deprecated: Use `Ideal.finite_setOfPred_absNorm_eq` instead
warning: ErdosUnitDistance/Internal/NumberFields/MinkowskiBoundProof.lean:894:4: Try this: 
  letI̵

The goal is a proposition, so `let` is preferred over `letI`.
The difference between `let` and `letI` is that `letI` inlines the value.
But this is not relevant for proofs because of proof irrelevance.

Note: This linter can be disabled with `set_option linter.style.haveILetI false`
warning: ErdosUnitDistance/Internal/NumberFields/MinkowskiBoundProof.lean:916:7: `Ideal.card_primesOverFinset_le_finrank` has been deprecated: Use results of RingTheory.RamificationInertia.Basic
warning: ErdosUnitDistance/Internal/NumberFields/MinkowskiBoundProof.lean:932:4: try 'simp' instead of 'simpa'

Note: This linter can be disabled with `set_option linter.unnecessarySimpa false`
warning: ErdosUnitDistance/Internal/NumberFields/MinkowskiBoundProof.lean:938:6: try 'simp' instead of 'simpa'

Note: This linter can be disabled with `set_option linter.unnecessarySimpa false`
warning: ErdosUnitDistance/Internal/NumberFields/MinkowskiBoundProof.lean:930:18: This simp argument is unused:
  hm

Hint: Omit it from the simp argument list.
  [apply] simp [hn, Nat.cast_mul, mul_pow, one_div, mul_comm, mul_left_comm, mul_assoc]

Note: This linter can be disabled with `set_option linter.unusedSimpArgs false`
warning: ErdosUnitDistance/Internal/NumberFields/MinkowskiBoundProof.lean:930:22: This simp argument is unused:
  hn

Hint: Omit it from the simp argument list.
  [apply] simp [hm, Nat.cast_mul, mul_pow, one_div, mul_comm, mul_left_comm, mul_assoc]

Note: This linter can be disabled with `set_option linter.unusedSimpArgs false`
warning: ErdosUnitDistance/Internal/NumberFields/MinkowskiBoundProof.lean:930:68: This simp argument is unused:
  mul_left_comm

Hint: Omit it from the simp argument list.
  [apply] simp [hm, hn, Nat.cast_mul, mul_pow, one_div, mul_comm, mul_assoc]

Note: This linter can be disabled with `set_option linter.unusedSimpArgs false`
warning: ErdosUnitDistance/Internal/NumberFields/MinkowskiBoundProof.lean:930:83: This simp argument is unused:
  mul_assoc

Hint: Omit it from the simp argument list.
  [apply] simp [hm, hn, Nat.cast_mul, mul_pow, one_div, mul_comm, mul_left_comm]

Note: This linter can be disabled with `set_option linter.unusedSimpArgs false`
warning: ErdosUnitDistance/Internal/NumberFields/MinkowskiBoundProof.lean:1001:4: try 'simp' instead of 'simpa'

Note: This linter can be disabled with `set_option linter.unnecessarySimpa false`
warning: ErdosUnitDistance/Internal/NumberFields/MinkowskiBoundProof.lean:1029:8: try 'simp' instead of 'simpa'

Note: This linter can be disabled with `set_option linter.unnecessarySimpa false`
warning: ErdosUnitDistance/Internal/NumberFields/MinkowskiBoundProof.lean:1016:13: This simp argument is unused:
  Real.rpow_neg hp

Hint: Omit it from the simp argument list.
  [apply] simp [g, Complex.cpow_neg, Complex.cpow_natCast, Complex.ofReal_cpow hp, Complex.ofReal_inv,
    Complex.ofReal_sub]

Note: This linter can be disabled with `set_option linter.unusedSimpArgs false`
warning: ErdosUnitDistance/Internal/NumberFields/MinkowskiBoundProof.lean:1016:49: This simp argument is unused:
  Complex.cpow_natCast

Hint: Omit it from the simp argument list.
  [apply] simp [g, Real.rpow_neg hp, Complex.cpow_neg, Complex.ofReal_cpow hp, Complex.ofReal_inv, Complex.ofReal_sub]

Note: This linter can be disabled with `set_option linter.unusedSimpArgs false`
warning: ErdosUnitDistance/Internal/NumberFields/MinkowskiBoundProof.lean:1016:71: This simp argument is unused:
  Complex.ofReal_cpow hp

Hint: Omit it from the simp argument list.
  [apply] simp [g, Real.rpow_neg hp, Complex.cpow_neg, Complex.cpow_natCast, Complex.ofReal_inv, Complex.ofReal_sub]

Note: This linter can be disabled with `set_option linter.unusedSimpArgs false`
warning: ErdosUnitDistance/Internal/NumberFields/MinkowskiBoundProof.lean:1209:14: try 'simp' instead of 'simpa'

Note: This linter can be disabled with `set_option linter.unnecessarySimpa false`
warning: ErdosUnitDistance/Internal/NumberFields/MinkowskiBoundProof.lean:1251:14: try 'simp' instead of 'simpa'

Note: This linter can be disabled with `set_option linter.unnecessarySimpa false`
✔ [10061/10329] Built ProCGroups.CompletedGroupAlgebra.AllFiniteFunctoriality.StageMap (11s)
✔ [10062/10329] Built ProCGroups.CompletedGroupAlgebra.OpenFiniteQuotientTopology.FiniteQuotients (12s)
✔ [10063/10329] Built ProCGroups.CompletedGroupAlgebra.InClassFunctoriality.StageMaps (11s)
⚠ [10064/10329] Built ErdosUnitDistance.Internal.Section2Base (22s)
warning: ErdosUnitDistance/Internal/Section2Base.lean:2:0: Use RingTheory.RamificationInertia.Basic
'Mathlib.NumberTheory.RamificationInertia.Basic' has been deprecated: please replace this import by

import Mathlib.LinearAlgebra.Dimension.DivisionRing
import Mathlib.NumberTheory.RamificationInertia.Inertia
import Mathlib.NumberTheory.RamificationInertia.Ramification
import Mathlib.RingTheory.Ideal.Norm.AbsNorm
warning: ErdosUnitDistance/Internal/Section2Base.lean:2:0: 'Mathlib.RingTheory.ClassGroup' has been deprecated: please replace this import by

import Mathlib.RingTheory.ClassGroup.Basic
warning: ErdosUnitDistance/Internal/Section2Base.lean:2:0: 'Mathlib.Data.Finite.Card' has been deprecated: please replace this import by

import Mathlib.SetTheory.Cardinal.NatCard
warning: ErdosUnitDistance/Internal/Section2Base.lean:206:2: `push_neg` has been deprecated. Prefer using `push Not` instead.
If you'd rather continue using `push_neg` in your project, you can implement it as follows:
```
open Lean.Parser.Tactic in
macro "push_neg" cfg:optConfig loc:(location)? : tactic =>
  `(tactic| push $cfg:optConfig Not $[$loc]?)
```
warning: ErdosUnitDistance/Internal/Section2Base.lean:308:2: Try this: 
  letI̵

The goal is a proposition, so `let` is preferred over `letI`.
The difference between `let` and `letI` is that `letI` inlines the value.
But this is not relevant for proofs because of proof irrelevance.

Note: This linter can be disabled with `set_option linter.style.haveILetI false`
warning: ErdosUnitDistance/Internal/Section2Base.lean:542:4: Try this: 
  letI̵

The goal is a proposition, so `let` is preferred over `letI`.
The difference between `let` and `letI` is that `letI` inlines the value.
But this is not relevant for proofs because of proof irrelevance.

Note: This linter can be disabled with `set_option linter.style.haveILetI false`
warning: ErdosUnitDistance/Internal/Section2Base.lean:543:4: Try this: 
  letI̵

The goal is a proposition, so `let` is preferred over `letI`.
The difference between `let` and `letI` is that `letI` inlines the value.
But this is not relevant for proofs because of proof irrelevance.

Note: This linter can be disabled with `set_option linter.style.haveILetI false`
warning: ErdosUnitDistance/Internal/Section2Base.lean:595:2: Try this: 
  letI̵

The goal is a proposition, so `let` is preferred over `letI`.
The difference between `let` and `letI` is that `letI` inlines the value.
But this is not relevant for proofs because of proof irrelevance.

Note: This linter can be disabled with `set_option linter.style.haveILetI false`
warning: ErdosUnitDistance/Internal/Section2Base.lean:678:23: This simp argument is unused:
  mul_assoc

Hint: Omit it from the simp argument list.
  [apply] simp [u, hQK_ne]

Note: This linter can be disabled with `set_option linter.unusedSimpArgs false`
warning: ErdosUnitDistance/Internal/Section2Base.lean:695:2: Try this: 
  letI̵

The goal is a proposition, so `let` is preferred over `letI`.
The difference between `let` and `letI` is that `letI` inlines the value.
But this is not relevant for proofs because of proof irrelevance.

Note: This linter can be disabled with `set_option linter.style.haveILetI false`
warning: ErdosUnitDistance/Internal/Section2Base.lean:792:55: This simp argument is unused:
  mul_assoc

Hint: Omit it from the simp argument list.
  [apply] simp [b, cR, AdmissibleDatum.Φ, Complex.real_smul]

Note: This linter can be disabled with `set_option linter.unusedSimpArgs false`
warning: ErdosUnitDistance/Internal/Section2Base.lean:815:27: This simp argument is unused:
  mul_assoc

Hint: Omit it from the simp argument list.
  [apply] simp [φ, y, map_mul]

Note: This linter can be disabled with `set_option linter.unusedSimpArgs false`
warning: ErdosUnitDistance/Internal/Section2Base.lean:837:19: This simp argument is unused:
  mul_assoc

Hint: Omit it from the simp argument list.
  [apply] simp [map_mul, mul_left_comm, mul_comm]

Note: This linter can be disabled with `set_option linter.unusedSimpArgs false`
warning: ErdosUnitDistance/Internal/Section2Base.lean:837:45: This simp argument is unused:
  mul_comm

Hint: Omit it from the simp argument list.
  [apply] simp [map_mul, mul_assoc, mul_left_comm]

Note: This linter can be disabled with `set_option linter.unusedSimpArgs false`
warning: ErdosUnitDistance/Internal/Section2Base.lean:872:25: This simp argument is unused:
  mul_left_comm

Hint: Omit it from the simp argument list.
  [apply] simp [mul_assoc, mul_comm]

Note: This linter can be disabled with `set_option linter.unusedSimpArgs false`
warning: ErdosUnitDistance/Internal/Section2Base.lean:931:6: try 'simp' instead of 'simpa'

Note: This linter can be disabled with `set_option linter.unnecessarySimpa false`
warning: ErdosUnitDistance/Internal/Section2Base.lean:1010:26: try 'simp' instead of 'simpa'

Note: This linter can be disabled with `set_option linter.unnecessarySimpa false`
warning: ErdosUnitDistance/Internal/Section2Base.lean:1055:4: Try this: 
  letI̵

The goal is a proposition, so `let` is preferred over `letI`.
The difference between `let` and `letI` is that `letI` inlines the value.
But this is not relevant for proofs because of proof irrelevance.

Note: This linter can be disabled with `set_option linter.style.haveILetI false`
warning: ErdosUnitDistance/Internal/Section2Base.lean:1069:4: Try this: 
  letI̵

The goal is a proposition, so `let` is preferred over `letI`.
The difference between `let` and `letI` is that `letI` inlines the value.
But this is not relevant for proofs because of proof irrelevance.

Note: This linter can be disabled with `set_option linter.style.haveILetI false`
warning: ErdosUnitDistance/Internal/Section2Base.lean:1087:6: Try this: 
  letI̵

The goal is a proposition, so `let` is preferred over `letI`.
The difference between `let` and `letI` is that `letI` inlines the value.
But this is not relevant for proofs because of proof irrelevance.

Note: This linter can be disabled with `set_option linter.style.haveILetI false`
warning: ErdosUnitDistance/Internal/Section2Base.lean:1061:44: This simp argument is unused:
  add_left_comm

Hint: Omit it from the simp argument list.
  [apply] simp [τ, sub_eq_add_neg, add_assoc, add_comm]

Note: This linter can be disabled with `set_option linter.unusedSimpArgs false`
warning: ErdosUnitDistance/Internal/Section2Base.lean:1061:59: This simp argument is unused:
  add_comm

Hint: Omit it from the simp argument list.
  [apply] simp [τ, sub_eq_add_neg, add_assoc, add_left_comm]

Note: This linter can be disabled with `set_option linter.unusedSimpArgs false`
warning: ErdosUnitDistance/Internal/Section2Base.lean:1077:41: This simp argument is unused:
  add_left_comm

Hint: Omit it from the simp argument list.
  [apply] simp [sub_eq_add_neg, add_assoc, add_comm]

Note: This linter can be disabled with `set_option linter.unusedSimpArgs false`
warning: ErdosUnitDistance/Internal/Section2Base.lean:1077:56: This simp argument is unused:
  add_comm

Hint: Omit it from the simp argument list.
  [apply] simp [sub_eq_add_neg, add_assoc, add_left_comm]

Note: This linter can be disabled with `set_option linter.unusedSimpArgs false`
warning: ErdosUnitDistance/Internal/Section2Base.lean:1080:30: This simp argument is unused:
  add_assoc

Hint: Omit it from the simp argument list.
  [apply] simp [sub_eq_add_neg, add_left_comm, add_comm]

Note: This linter can be disabled with `set_option linter.unusedSimpArgs false`
warning: ErdosUnitDistance/Internal/Section2Base.lean:1080:41: This simp argument is unused:
  add_left_comm

Hint: Omit it from the simp argument list.
  [apply] simp [sub_eq_add_neg, add_assoc, add_comm]

Note: This linter can be disabled with `set_option linter.unusedSimpArgs false`
warning: ErdosUnitDistance/Internal/Section2Base.lean:1080:56: This simp argument is unused:
  add_comm

Hint: Omit it from the simp argument list.
  [apply] simp [sub_eq_add_neg, add_assoc, add_left_comm]

Note: This linter can be disabled with `set_option linter.unusedSimpArgs false`
warning: ErdosUnitDistance/Internal/Section2Base.lean:1062:62: Used `tac1 <;> tac2` where `(tac1; tac2)` would suffice

Note: This linter can be disabled with `set_option linter.unnecessarySeqFocus false`
warning: ErdosUnitDistance/Internal/Section2Base.lean:1063:62: Used `tac1 <;> tac2` where `(tac1; tac2)` would suffice

Note: This linter can be disabled with `set_option linter.unnecessarySeqFocus false`
warning: ErdosUnitDistance/Internal/Section2Base.lean:1144:2: try 'simp' instead of 'simpa'

Note: This linter can be disabled with `set_option linter.unnecessarySimpa false`
✔ [10065/10329] Built ProCGroups.FoxDifferential.Completed.CoefficientRings.CompletedGroupAlgebraPrimePower.System.Ring.Multiplicative (12s)
✔ [10066/10329] Built ProCGroups.CompletedGroupAlgebra.AllFiniteFunctoriality.Map (12s)
✔ [10067/10329] Built ClassFieldTheory.GlobalClassFieldTheory.Reciprocity.InfiniteGlobalArtin (58s)
✔ [10068/10329] Built ProCGroups.CompletedGroupAlgebra.InClassFunctoriality.Maps (12s)
✔ [10069/10329] Built ProCGroups.CompletedGroupAlgebra.OpenFiniteQuotientTopology.OpenFiniteQuotients (13s)
✔ [10070/10329] Built ClassFieldTheory.GlobalClassFieldTheory.Reciprocity.IdeleClassDirectLimitExtension (44s)
✔ [10071/10329] Built ErdosUnitDistance.Internal.NumberFields.Constants (16s)
✔ [10072/10329] Built SawinTotallyRealTowers.UnramifiedProPRelationRank.Local.FinitePlaceAbsoluteArtinAction (64s)
⚠ [10073/10329] Built ErdosUnitDistance.Internal.NumberFields.RootDiscrAdjoinI (18s)
warning: ErdosUnitDistance/Internal/NumberFields/RootDiscrAdjoinI.lean:42:6: try 'simp' instead of 'simpa'

Note: This linter can be disabled with `set_option linter.unnecessarySimpa false`
warning: ErdosUnitDistance/Internal/NumberFields/RootDiscrAdjoinI.lean:53:4: Try this: 
  letI̵

The goal is a proposition, so `let` is preferred over `letI`.
The difference between `let` and `letI` is that `letI` inlines the value.
But this is not relevant for proofs because of proof irrelevance.

Note: This linter can be disabled with `set_option linter.style.haveILetI false`
warning: ErdosUnitDistance/Internal/NumberFields/RootDiscrAdjoinI.lean:68:4: try 'simp' instead of 'simpa'

Note: This linter can be disabled with `set_option linter.unnecessarySimpa false`
warning: ErdosUnitDistance/Internal/NumberFields/RootDiscrAdjoinI.lean:111:73: This simp argument is unused:
  Polynomial.map_C

Hint: Omit it from the simp argument list.
  [apply] simp only [Polynomial.map_add, Polynomial.map_pow, Polynomial.map_X, RingHom.map_one, Polynomial.map_one]

Note: This linter can be disabled with `set_option linter.unusedSimpArgs false`
✔ [10074/10329] Built ProCGroups.CompletedGroupAlgebra.AllFiniteFunctoriality.GroupLike (11s)
✔ [10075/10329] Built ProCGroups.FoxDifferential.Completed.CoefficientRings.CompletedGroupAlgebraPrimePower.System.Ring.GroupLike (12s)
✔ [10076/10329] Built ProCGroups.CompletedGroupAlgebra.InClassFunctoriality.GroupLike (11s)
✔ [10077/10329] Built ProCGroups.CompletedGroupAlgebra.OpenFiniteQuotientTopology.OpenFiniteLimit.System (12s)
✔ [10078/10329] Built ClassFieldTheory.GlobalClassFieldTheory.ClassFieldAxiom.IdelePowerLocalUnitNormContainment (36s)
⚠ [10079/10329] Built ErdosUnitDistance.Internal.Section2Arithmetic (24s)
warning: ErdosUnitDistance/Internal/Section2Arithmetic.lean:60:4: Try this: 
  letI̵

The goal is a proposition, so `let` is preferred over `letI`.
The difference between `let` and `letI` is that `letI` inlines the value.
But this is not relevant for proofs because of proof irrelevance.

Note: This linter can be disabled with `set_option linter.style.haveILetI false`
warning: ErdosUnitDistance/Internal/Section2Arithmetic.lean:91:6: try 'simp' instead of 'simpa'

Note: This linter can be disabled with `set_option linter.unnecessarySimpa false`
warning: ErdosUnitDistance/Internal/Section2Arithmetic.lean:146:4: try 'simp' instead of 'simpa'

Note: This linter can be disabled with `set_option linter.unnecessarySimpa false`
warning: ErdosUnitDistance/Internal/Section2Arithmetic.lean:223:14: try 'simp' instead of 'simpa'

Note: This linter can be disabled with `set_option linter.unnecessarySimpa false`
warning: ErdosUnitDistance/Internal/Section2Arithmetic.lean:240:12: try 'simp' instead of 'simpa'

Note: This linter can be disabled with `set_option linter.unnecessarySimpa false`
warning: ErdosUnitDistance/Internal/Section2Arithmetic.lean:197:37: This simp argument is unused:
  σ

Hint: Omit it from the simp argument list.
  [apply] simp [proposition_2_2_conjIdeal, Ideal.map_mul, Ideal.map_span, Set.image_singleton] at h'

Note: This linter can be disabled with `set_option linter.unusedSimpArgs false`
warning: ErdosUnitDistance/Internal/Section2Arithmetic.lean:204:37: This simp argument is unused:
  σ

Hint: Omit it from the simp argument list.
  [apply] simp [proposition_2_2_conjIdeal, Ideal.map_mul, Ideal.map_span, Set.image_singleton] at h'

Note: This linter can be disabled with `set_option linter.unusedSimpArgs false`
warning: ErdosUnitDistance/Internal/Section2Arithmetic.lean:339:2: Try this: 
  letI̵

The goal is a proposition, so `let` is preferred over `letI`.
The difference between `let` and `letI` is that `letI` inlines the value.
But this is not relevant for proofs because of proof irrelevance.

Note: This linter can be disabled with `set_option linter.style.haveILetI false`
warning: ErdosUnitDistance/Internal/Section2Arithmetic.lean:344:46: `coe_primesOverFinset` has been deprecated: Use `IsDedekindDomain.coe_primesOverFinset` instead
warning: ErdosUnitDistance/Internal/Section2Arithmetic.lean:352:21: `Ideal.Factors.ne_bot` has been deprecated: Use results of RingTheory.RamificationInertia.Basic
warning: ErdosUnitDistance/Internal/Section2Arithmetic.lean:355:21: `Ideal.Factors.isPrime` has been deprecated: Use results of RingTheory.RamificationInertia.Basic
warning: ErdosUnitDistance/Internal/Section2Arithmetic.lean:365:13: `mem_primesOverFinset_iff` has been deprecated: Use `IsDedekindDomain.mem_primesOverFinset_iff` instead
warning: ErdosUnitDistance/Internal/Section2Arithmetic.lean:365:76: try 'simp' instead of 'simpa'

Note: This linter can be disabled with `set_option linter.unnecessarySimpa false`
warning: ErdosUnitDistance/Internal/Section2Arithmetic.lean:377:15: `mem_primesOverFinset_iff` has been deprecated: Use `IsDedekindDomain.mem_primesOverFinset_iff` instead
warning: ErdosUnitDistance/Internal/Section2Arithmetic.lean:402:70: `prod_normalizedFactors_eq_self` has been deprecated: Use `Ideal.prod_normalizedFactors_eq_self` instead
warning: ErdosUnitDistance/Internal/Section2Arithmetic.lean:473:14: try 'simp' instead of 'simpa'

Note: This linter can be disabled with `set_option linter.unnecessarySimpa false`
warning: ErdosUnitDistance/Internal/Section2Arithmetic.lean:645:2: Try this: 
  letI̵

The goal is a proposition, so `let` is preferred over `letI`.
The difference between `let` and `letI` is that `letI` inlines the value.
But this is not relevant for proofs because of proof irrelevance.

Note: This linter can be disabled with `set_option linter.style.haveILetI false`
warning: ErdosUnitDistance/Internal/Section2Arithmetic.lean:646:2: Try this: 
  letI̵

The goal is a proposition, so `let` is preferred over `letI`.
The difference between `let` and `letI` is that `letI` inlines the value.
But this is not relevant for proofs because of proof irrelevance.

Note: This linter can be disabled with `set_option linter.style.haveILetI false`
warning: ErdosUnitDistance/Internal/Section2Arithmetic.lean:647:2: Try this: 
  letI̵

The goal is a proposition, so `let` is preferred over `letI`.
The difference between `let` and `letI` is that `letI` inlines the value.
But this is not relevant for proofs because of proof irrelevance.

Note: This linter can be disabled with `set_option linter.style.haveILetI false`
warning: ErdosUnitDistance/Internal/Section2Arithmetic.lean:649:2: Try this: 
  letI̵

The goal is a proposition, so `let` is preferred over `letI`.
The difference between `let` and `letI` is that `letI` inlines the value.
But this is not relevant for proofs because of proof irrelevance.

Note: This linter can be disabled with `set_option linter.style.haveILetI false`
warning: ErdosUnitDistance/Internal/Section2Arithmetic.lean:650:2: Try this: 
  letI̵

The goal is a proposition, so `let` is preferred over `letI`.
The difference between `let` and `letI` is that `letI` inlines the value.
But this is not relevant for proofs because of proof irrelevance.

Note: This linter can be disabled with `set_option linter.style.haveILetI false`
warning: ErdosUnitDistance/Internal/Section2Arithmetic.lean:651:2: Try this: 
  letI̵

The goal is a proposition, so `let` is preferred over `letI`.
The difference between `let` and `letI` is that `letI` inlines the value.
But this is not relevant for proofs because of proof irrelevance.

Note: This linter can be disabled with `set_option linter.style.haveILetI false`
warning: ErdosUnitDistance/Internal/Section2Arithmetic.lean:696:8: try 'simp' instead of 'simpa'

Note: This linter can be disabled with `set_option linter.unnecessarySimpa false`
warning: ErdosUnitDistance/Internal/Section2Arithmetic.lean:699:8: try 'simp' instead of 'simpa'

Note: This linter can be disabled with `set_option linter.unnecessarySimpa false`
warning: ErdosUnitDistance/Internal/Section2Arithmetic.lean:716:6: try 'simp' instead of 'simpa'

Note: This linter can be disabled with `set_option linter.unnecessarySimpa false`
warning: ErdosUnitDistance/Internal/Section2Arithmetic.lean:719:4: try 'simp' instead of 'simpa'

Note: This linter can be disabled with `set_option linter.unnecessarySimpa false`
warning: ErdosUnitDistance/Internal/Section2Arithmetic.lean:726:6: try 'simp' instead of 'simpa'

Note: This linter can be disabled with `set_option linter.unnecessarySimpa false`
warning: ErdosUnitDistance/Internal/Section2Arithmetic.lean:744:6: try 'simp' instead of 'simpa'

Note: This linter can be disabled with `set_option linter.unnecessarySimpa false`
warning: ErdosUnitDistance/Internal/Section2Arithmetic.lean:803:2: Try this: 
  letI̵

The goal is a proposition, so `let` is preferred over `letI`.
The difference between `let` and `letI` is that `letI` inlines the value.
But this is not relevant for proofs because of proof irrelevance.

Note: This linter can be disabled with `set_option linter.style.haveILetI false`
warning: ErdosUnitDistance/Internal/Section2Arithmetic.lean:804:2: Try this: 
  letI̵

The goal is a proposition, so `let` is preferred over `letI`.
The difference between `let` and `letI` is that `letI` inlines the value.
But this is not relevant for proofs because of proof irrelevance.

Note: This linter can be disabled with `set_option linter.style.haveILetI false`
warning: ErdosUnitDistance/Internal/Section2Arithmetic.lean:805:2: Try this: 
  letI̵

The goal is a proposition, so `let` is preferred over `letI`.
The difference between `let` and `letI` is that `letI` inlines the value.
But this is not relevant for proofs because of proof irrelevance.

Note: This linter can be disabled with `set_option linter.style.haveILetI false`
warning: ErdosUnitDistance/Internal/Section2Arithmetic.lean:945:4: try 'simp' instead of 'simpa'

Note: This linter can be disabled with `set_option linter.unnecessarySimpa false`
warning: ErdosUnitDistance/Internal/Section2Arithmetic.lean:957:22: try 'simp' instead of 'simpa'

Note: This linter can be disabled with `set_option linter.unnecessarySimpa false`
warning: ErdosUnitDistance/Internal/Section2Arithmetic.lean:961:22: try 'simp' instead of 'simpa'

Note: This linter can be disabled with `set_option linter.unnecessarySimpa false`
warning: ErdosUnitDistance/Internal/Section2Arithmetic.lean:970:21: `prod_normalizedFactors_eq_self` has been deprecated: Use `Ideal.prod_normalizedFactors_eq_self` instead
warning: ErdosUnitDistance/Internal/Section2Arithmetic.lean:1005:4: Try this: 
  haveI̵

The goal is a proposition, so `have` is preferred over `haveI`.
The difference between `have` and `haveI` is that `haveI` inlines the value.
But this is not relevant for proofs because of proof irrelevance.

Note: This linter can be disabled with `set_option linter.style.haveILetI false`
warning: ErdosUnitDistance/Internal/Section2Arithmetic.lean:1015:36: try 'simp' instead of 'simpa'

Note: This linter can be disabled with `set_option linter.unnecessarySimpa false`
warning: ErdosUnitDistance/Internal/Section2Arithmetic.lean:1036:8: Try this: 
  haveI̵

The goal is a proposition, so `have` is preferred over `haveI`.
The difference between `have` and `haveI` is that `haveI` inlines the value.
But this is not relevant for proofs because of proof irrelevance.

Note: This linter can be disabled with `set_option linter.style.haveILetI false`
warning: ErdosUnitDistance/Internal/Section2Arithmetic.lean:1038:36: try 'simp' instead of 'simpa'

Note: This linter can be disabled with `set_option linter.unnecessarySimpa false`
warning: ErdosUnitDistance/Internal/Section2Arithmetic.lean:1040:8: Try this: 
  haveI̵

The goal is a proposition, so `have` is preferred over `haveI`.
The difference between `have` and `haveI` is that `haveI` inlines the value.
But this is not relevant for proofs because of proof irrelevance.

Note: This linter can be disabled with `set_option linter.style.haveILetI false`
warning: ErdosUnitDistance/Internal/Section2Arithmetic.lean:1046:10: Try this: 
  haveI̵

The goal is a proposition, so `have` is preferred over `haveI`.
The difference between `have` and `haveI` is that `haveI` inlines the value.
But this is not relevant for proofs because of proof irrelevance.

Note: This linter can be disabled with `set_option linter.style.haveILetI false`
warning: ErdosUnitDistance/Internal/Section2Arithmetic.lean:1048:68: try 'simp' instead of 'simpa'

Note: This linter can be disabled with `set_option linter.unnecessarySimpa false`
warning: ErdosUnitDistance/Internal/Section2Arithmetic.lean:1050:10: Try this: 
  haveI̵

The goal is a proposition, so `have` is preferred over `haveI`.
The difference between `have` and `haveI` is that `haveI` inlines the value.
But this is not relevant for proofs because of proof irrelevance.

Note: This linter can be disabled with `set_option linter.style.haveILetI false`
warning: ErdosUnitDistance/Internal/Section2Arithmetic.lean:1207:12: Try `simp at hk` instead of `simpa using hk`

Note: This linter can be disabled with `set_option linter.unnecessarySimpa false`
warning: ErdosUnitDistance/Internal/Section2Arithmetic.lean:1227:12: Try `simp at hk` instead of `simpa using hk`

Note: This linter can be disabled with `set_option linter.unnecessarySimpa false`
warning: ErdosUnitDistance/Internal/Section2Arithmetic.lean:1247:25: This simp argument is unused:
  hconj_conj

Hint: Omit it from the simp argument list.
  [apply] simp [F, G, C, hε, mul_comm]

Note: This linter can be disabled with `set_option linter.unusedSimpArgs false`
✔ [10080/10329] Built ProCGroups.FoxDifferential.Completed.CoefficientRings.CompletedGroupAlgebraPrimePower.System.Ring.Projection (11s)
✔ [10081/10329] Built ProCGroups.CompletedGroupAlgebra.OpenFiniteQuotientTopology.OpenFiniteLimit.Topology (11s)
✔ [10082/10329] Built ErdosUnitDistance.Internal.NumberFields.Minkowski (16s)
✔ [10083/10329] Built Jsp108.Geometry (82s)
✔ [10084/10329] Built ProCGroups.FoxDifferential.Completed.CoefficientRings.CompletedGroupAlgebraPrimePower.Coeff.System (12s)
✔ [10085/10329] Built ProCGroups.CompletedGroupAlgebra.OpenFiniteQuotientTopology.OpenFiniteLimit.CanonicalMap (13s)
✔ [10086/10329] Built ClassFieldTheory.GlobalClassFieldTheory.ClassFieldAxiom.IdeleClassPowerLocalUnitQuotient.NormContainment (24s)
✔ [10087/10329] Built ProCGroups.FoxDifferential.Completed.CoefficientRings.CompletedGroupAlgebraPrimePower.Coeff.AddCommGroup (15s)
⚠ [10088/10329] Built ErdosUnitDistance.Internal.Section2 (28s)
warning: ErdosUnitDistance/Internal/Section2.lean:98:4: `MeasureTheory.measure_eq_measure_of_null_diff` has been deprecated: Use `MeasureTheory.measure_eq_measure_of_null_sdiff` instead
warning: ErdosUnitDistance/Internal/Section2.lean:121:2: `push_neg` has been deprecated. Prefer using `push Not` instead.
If you'd rather continue using `push_neg` in your project, you can implement it as follows:
```
open Lean.Parser.Tactic in
macro "push_neg" cfg:optConfig loc:(location)? : tactic =>
  `(tactic| push $cfg:optConfig Not $[$loc]?)
```
warning: ErdosUnitDistance/Internal/Section2.lean:198:2: try 'simp' instead of 'simpa'

Note: This linter can be disabled with `set_option linter.unnecessarySimpa false`
warning: ErdosUnitDistance/Internal/Section2.lean:206:2: Try this: 
  letI̵

The goal is a proposition, so `let` is preferred over `letI`.
The difference between `let` and `letI` is that `letI` inlines the value.
But this is not relevant for proofs because of proof irrelevance.

Note: This linter can be disabled with `set_option linter.style.haveILetI false`
warning: ErdosUnitDistance/Internal/Section2.lean:207:2: Try this: 
  letI̵

The goal is a proposition, so `let` is preferred over `letI`.
The difference between `let` and `letI` is that `letI` inlines the value.
But this is not relevant for proofs because of proof irrelevance.

Note: This linter can be disabled with `set_option linter.style.haveILetI false`
warning: ErdosUnitDistance/Internal/Section2.lean:274:4: try 'simp' instead of 'simpa'

Note: This linter can be disabled with `set_option linter.unnecessarySimpa false`
warning: ErdosUnitDistance/Internal/Section2.lean:285:26: `Measurable.ennreal_tsum` has been deprecated: Use `Measurable.tsum` from `Mathlib.MeasureTheory.Constructions.Polish.Basic` instead
warning: ErdosUnitDistance/Internal/Section2.lean:301:2: Try this: 
  letI̵

The goal is a proposition, so `let` is preferred over `letI`.
The difference between `let` and `letI` is that `letI` inlines the value.
But this is not relevant for proofs because of proof irrelevance.

Note: This linter can be disabled with `set_option linter.style.haveILetI false`
warning: ErdosUnitDistance/Internal/Section2.lean:302:2: Try this: 
  letI̵

The goal is a proposition, so `let` is preferred over `letI`.
The difference between `let` and `letI` is that `letI` inlines the value.
But this is not relevant for proofs because of proof irrelevance.

Note: This linter can be disabled with `set_option linter.style.haveILetI false`
warning: ErdosUnitDistance/Internal/Section2.lean:369:26: `Measurable.ennreal_tsum` has been deprecated: Use `Measurable.tsum` from `Mathlib.MeasureTheory.Constructions.Polish.Basic` instead
warning: ErdosUnitDistance/Internal/Section2.lean:299:70: Variable name `hR` is not explicitly referenced.

Hint: The binding can be removed (if unused) or named `_` (if used implicitly). Alternatively, prefix the name with `_` to silence this warning:
  [apply] _hR

Note: This linter can be disabled with `set_option linter.unusedVariables false`
warning: ErdosUnitDistance/Internal/Section2.lean:410:58: This simp argument is unused:
  Fin.prod_const

Hint: Omit it from the simp argument list.
  [apply] simp [Complex.volume_closedBall, AdmissibleDatum.b, hR, mul_comm, mul_left_comm, mul_assoc]

Note: This linter can be disabled with `set_option linter.unusedSimpArgs false`
warning: ErdosUnitDistance/Internal/Section2.lean:410:84: This simp argument is unused:
  mul_left_comm

Hint: Omit it from the simp argument list.
  [apply] simp [Complex.volume_closedBall, AdmissibleDatum.b, hR, Fin.prod_const, mul_comm, mul_assoc]

Note: This linter can be disabled with `set_option linter.unusedSimpArgs false`
warning: ErdosUnitDistance/Internal/Section2.lean:410:99: This simp argument is unused:
  mul_assoc

Hint: Omit it from the simp argument list.
  [apply] simp [Complex.volume_closedBall, AdmissibleDatum.b, hR, Fin.prod_const, mul_comm, mul_left_comm]

Note: This linter can be disabled with `set_option linter.unusedSimpArgs false`
warning: ErdosUnitDistance/Internal/Section2.lean:423:6: try 'simp' instead of 'simpa'

Note: This linter can be disabled with `set_option linter.unnecessarySimpa false`
warning: ErdosUnitDistance/Internal/Section2.lean:456:12: try 'simp' instead of 'simpa'

Note: This linter can be disabled with `set_option linter.unnecessarySimpa false`
warning: ErdosUnitDistance/Internal/Section2.lean:487:10: `AEMeasurable.ennreal_tsum` has been deprecated: Use `AEMeasurable.tsum` from `Mathlib.MeasureTheory.Constructions.Polish.Basic` instead
warning: ErdosUnitDistance/Internal/Section2.lean:413:66: Variable name `hR` is not explicitly referenced.

Hint: The binding can be removed (if unused) or named `_` (if used implicitly). Alternatively, prefix the name with `_` to silence this warning:
  [apply] _hR

Note: This linter can be disabled with `set_option linter.unusedVariables false`
warning: ErdosUnitDistance/Internal/Section2.lean:429:99: This simp argument is unused:
  hR

Hint: Omit it from the simp argument list.
  [apply] simp [B, AdmissibleDatum.closedPolydisc, supNorm_eq_norm, Metric.mem_closedBall, dist_eq_norm]

Note: This linter can be disabled with `set_option linter.unusedSimpArgs false`
warning: ErdosUnitDistance/Internal/Section2.lean:573:2: try 'simp' instead of 'simpa'

Note: This linter can be disabled with `set_option linter.unnecessarySimpa false`
warning: ErdosUnitDistance/Internal/Section2.lean:593:7: `MeasureTheory.integral_finset_sum` has been deprecated: Use `MeasureTheory.integral_finsetSum` instead
warning: ErdosUnitDistance/Internal/Section2.lean:615:8: This simp argument is unused:
  Finset.sum_const_nat

Hint: Omit it from the simp argument list.
  [apply] simp [smul_eq_mul, div_eq_mul_inv]

Note: This linter can be disabled with `set_option linter.unusedSimpArgs false`
warning: ErdosUnitDistance/Internal/Section2.lean:618:65: Variable name `hH` is not explicitly referenced.

Hint: The binding can be removed (if unused) or named `_` (if used implicitly). Alternatively, prefix the name with `_` to silence this warning:
  [apply] _hH

Note: This linter can be disabled with `set_option linter.unusedVariables false`
warning: ErdosUnitDistance/Internal/Section2.lean:809:2: try 'simp' instead of 'simpa'

Note: This linter can be disabled with `set_option linter.unnecessarySimpa false`
warning: ErdosUnitDistance/Internal/Section2.lean:913:12: try 'simp' instead of 'simpa'

Note: This linter can be disabled with `set_option linter.unnecessarySimpa false`
warning: ErdosUnitDistance/Internal/Section2.lean:917:12: try 'simp' instead of 'simpa'

Note: This linter can be disabled with `set_option linter.unnecessarySimpa false`
warning: ErdosUnitDistance/Internal/Section2.lean:931:8: try 'simp' instead of 'simpa'

Note: This linter can be disabled with `set_option linter.unnecessarySimpa false`
warning: ErdosUnitDistance/Internal/Section2.lean:943:28: This simp argument is unused:
  Nat.mul_left_comm

Hint: Omit it from the simp argument list.
  [apply] simp [Nat.mul_comm, Nat.mul_assoc]

Note: This linter can be disabled with `set_option linter.unusedSimpArgs false`
warning: ErdosUnitDistance/Internal/Section2.lean:943:47: This simp argument is unused:
  Nat.mul_assoc

Hint: Omit it from the simp argument list.
  [apply] simp [Nat.mul_comm, Nat.mul_left_comm]

Note: This linter can be disabled with `set_option linter.unusedSimpArgs false`
warning: ErdosUnitDistance/Internal/Section2.lean:1238:4: try 'simp' instead of 'simpa'

Note: This linter can be disabled with `set_option linter.unnecessarySimpa false`
✔ [10089/10329] Built ProCGroups.CompletedGroupAlgebra.OpenFiniteQuotientTopology.OpenFiniteComparison (16s)
✔ [10090/10329] Built ProCGroups.FoxDifferential.Completed.CoefficientRings.CompletedGroupAlgebraPrimePower.Coeff.Ring (12s)
✔ [10091/10329] Built ProCGroups.CompletedGroupAlgebra.AllFiniteFunctoriality.InClassNaturality (12s)
✔ [10092/10329] Built ClassFieldTheory.GlobalClassFieldTheory.Reciprocity.CyclotomicIdeleValue (68s)
✔ [10093/10329] Built ClassFieldTheory.GlobalClassFieldTheory.ClassFieldAxiom.IdeleClassPowerLocalUnitQuotient.PrimePowerKummerIndex (26s)
✔ [10094/10329] Built ProCGroups.CompletedGroupAlgebra.UniversalProperty.Basic (17s)
⚠ [10095/10329] Built ErdosUnitDistance.TowerBridge (20s)
warning: ErdosUnitDistance/TowerBridge.lean:36:2: Try this: 
  haveI̵

The goal is a proposition, so `have` is preferred over `haveI`.
The difference between `have` and `haveI` is that `haveI` inlines the value.
But this is not relevant for proofs because of proof irrelevance.

Note: This linter can be disabled with `set_option linter.style.haveILetI false`
warning: ErdosUnitDistance/TowerBridge.lean:47:2: Try this: 
  haveI̵

The goal is a proposition, so `have` is preferred over `haveI`.
The difference between `have` and `haveI` is that `haveI` inlines the value.
But this is not relevant for proofs because of proof irrelevance.

Note: This linter can be disabled with `set_option linter.style.haveILetI false`
warning: ErdosUnitDistance/TowerBridge.lean:85:2: Try this: 
  haveI̵

The goal is a proposition, so `have` is preferred over `haveI`.
The difference between `have` and `haveI` is that `haveI` inlines the value.
But this is not relevant for proofs because of proof irrelevance.

Note: This linter can be disabled with `set_option linter.style.haveILetI false`
warning: ErdosUnitDistance/TowerBridge.lean:86:2: Try this: 
  haveI̵

The goal is a proposition, so `have` is preferred over `haveI`.
The difference between `have` and `haveI` is that `haveI` inlines the value.
But this is not relevant for proofs because of proof irrelevance.

Note: This linter can be disabled with `set_option linter.style.haveILetI false`
warning: ErdosUnitDistance/TowerBridge.lean:121:6: Try this: 
  letI̵

The goal is a proposition, so `let` is preferred over `letI`.
The difference between `let` and `letI` is that `letI` inlines the value.
But this is not relevant for proofs because of proof irrelevance.

Note: This linter can be disabled with `set_option linter.style.haveILetI false`
warning: ErdosUnitDistance/TowerBridge.lean:122:6: Try this: 
  letI̵

The goal is a proposition, so `let` is preferred over `letI`.
The difference between `let` and `letI` is that `letI` inlines the value.
But this is not relevant for proofs because of proof irrelevance.

Note: This linter can be disabled with `set_option linter.style.haveILetI false`
warning: ErdosUnitDistance/TowerBridge.lean:221:4: Try this: 
  letI̵

The goal is a proposition, so `let` is preferred over `letI`.
The difference between `let` and `letI` is that `letI` inlines the value.
But this is not relevant for proofs because of proof irrelevance.

Note: This linter can be disabled with `set_option linter.style.haveILetI false`
warning: ErdosUnitDistance/TowerBridge.lean:222:4: Try this: 
  letI̵

The goal is a proposition, so `let` is preferred over `letI`.
The difference between `let` and `letI` is that `letI` inlines the value.
But this is not relevant for proofs because of proof irrelevance.

Note: This linter can be disabled with `set_option linter.style.haveILetI false`
warning: ErdosUnitDistance/TowerBridge.lean:223:4: Try this: 
  letI̵

The goal is a proposition, so `let` is preferred over `letI`.
The difference between `let` and `letI` is that `letI` inlines the value.
But this is not relevant for proofs because of proof irrelevance.

Note: This linter can be disabled with `set_option linter.style.haveILetI false`
warning: ErdosUnitDistance/TowerBridge.lean:224:4: Try this: 
  letI̵

The goal is a proposition, so `let` is preferred over `letI`.
The difference between `let` and `letI` is that `letI` inlines the value.
But this is not relevant for proofs because of proof irrelevance.

Note: This linter can be disabled with `set_option linter.style.haveILetI false`
✔ [10096/10329] Built ProCGroups.CompletedGroupAlgebra.Separation (18s)
✔ [10097/10329] Built ProCGroups.FoxDifferential.Completed.CoefficientRings.CompletedGroupAlgebraPrimePower.Coeff.Projection (13s)
✔ [10098/10329] Built ClassFieldTheory.GlobalClassFieldTheory.Reciprocity.IdeleClassDirectLimitExtensionAction (78s)
✔ [10099/10329] Built ProCGroups.CompletedGroupAlgebra.InClassFunctoriality.Comparison (12s)
✔ [10100/10329] Built ProCGroups.CompletedGroupAlgebra.UniversalProperty.FiniteQuotient (12s)
✔ [10101/10329] Built ClassFieldTheory.GlobalClassFieldTheory.Reciprocity.CyclotomicNormOneCorrection (21s)
✔ [10102/10329] Built ClassFieldTheory.GlobalClassFieldTheory.GlobalClassFields.KummerNormDescent (21s)
✔ [10103/10329] Built ProCGroups.CompletedGroupAlgebra.AllFiniteAugmentation.TerminalIndex (11s)
✔ [10104/10329] Built ClassFieldTheory.GlobalClassFieldTheory.GlobalClassFields.PowerCongruenceCore (25s)
✔ [10105/10329] Built ProCGroups.ProP.Fox.CompletedLeibniz (12s)
✔ [10106/10329] Built ClassFieldTheory.GlobalClassFieldTheory.GlobalClassFields.SUnitKummerNormCore (28s)
✔ [10107/10329] Built ProCGroups.FoxDifferential.Completed.CoefficientRings.CompletedGroupAlgebraPrimePower.Module (15s)
✔ [10108/10329] Built ProCGroups.CompletedGroupAlgebra.InClassFunctoriality.UnitRepresentation (12s)
✔ [10109/10329] Built ProCGroups.CompletedGroupAlgebra.AllFiniteAugmentation.StageAugmentation (11s)
✔ [10110/10329] Built ProCGroups.CompletedGroupAlgebra.UniversalProperty.OpenSubmoduleQuotient (12s)
✔ [10111/10329] Built ClassFieldTheory.GlobalClassFieldTheory.ClassFieldAxiom.CyclicIdeleClassNormIndex (39s)
✔ [10112/10329] Built ProCGroups.FoxDifferential.Completed.CoefficientRings.CompletedGroupAlgebraPrimePower.Augmentation (10s)
⚠ [10113/10329] Built Jsp108.Reduction (80s)
warning: Jsp108/Reduction.lean:19:13: Variable name `hδ` is not explicitly referenced.

Hint: The binding can be removed (if unused) or named `_` (if used implicitly). Alternatively, prefix the name with `_` to silence this warning:
  [apply] _hδ

Note: This linter can be disabled with `set_option linter.unusedVariables false`
✔ [10114/10329] Built ProCGroups.CompletedGroupAlgebra.Augmentation.StageAugmentation (10s)
✔ [10115/10329] Built ClassFieldTheory.GlobalClassFieldTheory.Reciprocity.CyclotomicIdeleValueTopology (19s)
✔ [10116/10329] Built ProCGroups.CompletedGroupAlgebra.AllFiniteAugmentation.CanonicalAugmentation (10s)
✔ [10117/10329] Built ClassFieldTheory.GlobalClassFieldTheory.Reciprocity.RationalCyclotomicFinitePlaceArtin (213s)
✔ [10118/10329] Built ProCGroups.CompletedGroupAlgebra.UniversalProperty.ProfiniteModule (10s)
✔ [10119/10329] Built ClassFieldTheory.GlobalClassFieldTheory.Reciprocity.CyclotomicPrincipalIdele (53s)
✔ [10120/10329] Built ProCGroups.CompletedGroupAlgebra.Augmentation.CanonicalAugmentation (9.2s)
✔ [10121/10329] Built ProCGroups.FoxDifferential.Completed.CoefficientRings.AugmentationIdealPrimePower.Stage (10s)
✔ [10122/10329] Built ProCGroups.CompletedGroupAlgebra.AllFiniteAugmentation.InClassComparison (8.0s)
✔ [10123/10329] Built ProCGroups.CompletedGroupAlgebra.Augmentation.AugmentationIdeal (9.1s)
✔ [10124/10329] Built ProCGroups.FoxDifferential.Completed.CoefficientRings.AugmentationIdealPrimePower.Additive (10s)
✔ [10125/10329] Built ProCGroups.CompletedGroupAlgebra.Augmentation.Functoriality (8.5s)
✔ [10126/10329] Built ProCGroups.FoxDifferential.Completed.CoefficientRings.AugmentationIdealPrimePower.Module (9.9s)
✔ [10127/10329] Built ClassFieldTheory.GlobalClassFieldTheory.ClassFieldAxiom.HasseNormPrinciple (34s)
✔ [10128/10329] Built ClassFieldTheory.GlobalClassFieldTheory.Reciprocity.IdeleClassDirectLimitExtensionNorm (57s)
✔ [10129/10329] Built ClassFieldTheory.GlobalClassFieldTheory.Reciprocity.RationalCyclotomicZHatRigidity (27s)
✔ [10130/10329] Built ClassFieldTheory.GlobalClassFieldTheory.Reciprocity.RationalCyclotomicPrincipalAwayProduct (31s)
✔ [10131/10329] Built ProCGroups.ProP.Zassenhaus.AugmentationFiltration (8.8s)
✔ [10132/10329] Built ProCGroups.FoxDifferential.Completed.CoefficientRings.AugmentationIdealPrimePower.LimitEquiv (8.3s)
✔ [10133/10329] Built ProCGroups.GolodShafarevich.GradedPieces (7.9s)
✔ [10134/10329] Built ProCGroups.ProP.Fox.FiltrationDrop (7.0s)
✔ [10135/10329] Built ProCGroups.ProP.Zassenhaus.GroupLike (8.3s)
✔ [10136/10329] Built ClassFieldTheory.GlobalClassFieldTheory.Reciprocity.GlobalArtinFiniteSupportApproximation (16s)
✔ [10137/10329] Built ProCGroups.FoxDifferential.Completed.CoefficientRings.AugmentationIdealPrimePower.Augmentation (9.1s)
✔ [10138/10329] Built ClassFieldTheory.GlobalClassFieldTheory.Reciprocity.RationalCyclotomicPrincipalPrimeFactor (14s)
✔ [10139/10329] Built ProCGroups.GolodShafarevich.FiniteDimensions (8.3s)
✔ [10140/10329] Built ProCGroups.ProP.Zassenhaus.Basic (8.1s)
✔ [10141/10329] Built ProCGroups.FoxDifferential.Completed.CoefficientRings.AugmentationIdealPrimePower.SubtypeLinear (8.3s)
✔ [10142/10329] Built ProCGroups.ProP.Zassenhaus.Laws (8.2s)
✔ [10143/10329] Built ProCGroups.ProP.Zassenhaus.Functoriality (8.4s)
✔ [10144/10329] Built ProCGroups.ProP.Zassenhaus.DegreeTwo (9.6s)
ℹ [10145/10329] Built Jsp108.CountTransport (63s)
info: Jsp108/CountTransport.lean:85:0: 'Jsp108.li_count_eq_unitDist' depends on axioms: [propext, Classical.choice, Quot.sound]
info: Jsp108/CountTransport.lean:86:0: 'Jsp108.li_count_attained' depends on axioms: [propext, Classical.choice, Quot.sound]
info: Jsp108/CountTransport.lean:87:0: 'Jsp108.polynomial_growth_of_li_main' depends on axioms: [propext, Classical.choice, Quot.sound]
✔ [10146/10329] Built ProCGroups.FoxDifferential.Completed.FiniteStage.Basic (8.8s)
✔ [10147/10329] Built ClassFieldTheory.GlobalClassFieldTheory.Reciprocity.RationalCyclotomicPrincipalProduct (16s)
✔ [10148/10329] Built ProCGroups.ProP.Zassenhaus.Depth (8.6s)
✔ [10149/10329] Built ProCGroups.FoxDifferential.Completed.FiniteStage.Stage.Semidirect (9.7s)
✔ [10150/10329] Built ClassFieldTheory.GlobalClassFieldTheory.Reciprocity.FinitePlaceCyclotomicFrobeniusLift (28s)
✔ [10151/10329] Built ProCGroups.ProP.Presentation.RelatorDepth (8.8s)
✔ [10152/10329] Built ProCGroups.ProP.Zassenhaus.OpenNormal (8.0s)
✔ [10153/10329] Built ProCGroups.FoxDifferential.Completed.FiniteStage.Stage.Derivative.Lift (8.8s)
✔ [10154/10329] Built ClassFieldTheory.GlobalClassFieldTheory.Reciprocity.ComplexificationArtin.RationalComplexification (21s)
✔ [10155/10329] Built ProCGroups.FoxDifferential.Completed.FiniteStage.Stage.Derivative.Relators (8.8s)
✔ [10156/10329] Built ProCGroups.FoxDifferential.Completed.FiniteStage.Stage.Derivative.Rules (8.8s)
✔ [10157/10329] Built ProCGroups.FoxDifferential.Completed.FiniteStage.Stage.Derivative.Quotient.Basic (9.2s)
✔ [10158/10329] Built ProCGroups.FoxDifferential.Completed.FiniteStage.Stage.Derivative.Boundary (9.9s)
✔ [10159/10329] Built SawinTotallyRealTowers.RealProPDepthStage (28s)
✔ [10160/10329] Built ClassFieldTheory.GlobalClassFieldTheory.Reciprocity.ComplexificationArtin.InfinitePlaceOverfield (22s)
✔ [10161/10329] Built ProCGroups.FoxDifferential.Completed.FiniteStage.Stage.Derivative.Quotient.Fundamental (9.3s)
✔ [10162/10329] Built ClassFieldTheory.GlobalClassFieldTheory.Reciprocity.ComplexificationArtin.NumberFieldComplexification (25s)
✔ [10163/10329] Built ProCGroups.FoxDifferential.Completed.FiniteStage.BoundaryCycles (7.0s)
✔ [10164/10329] Built ProCGroups.FoxDifferential.Completed.FiniteStage.Stage.Fundamental.Derivative (8.8s)
✔ [10165/10329] Built ClassFieldTheory.GlobalClassFieldTheory.Reciprocity.CyclotomicIdeleClassValuation (55s)
✔ [10166/10329] Built SawinTotallyRealTowers.RealProPFrobeniusStage (14s)
✔ [10167/10329] Built ClassFieldTheory.GlobalClassFieldTheory.Reciprocity.IdeleClassDirectLimitNormQuotient (91s)
✔ [10168/10329] Built ProCGroups.FoxDifferential.Completed.FiniteStage.RelationModule (8.4s)
✔ [10169/10329] Built ProCGroups.FoxDifferential.Completed.FiniteStage.BoundaryCycleHom (8.0s)
✔ [10170/10329] Built ProCGroups.FoxDifferential.Completed.FiniteStage.Stage.Fundamental.Formula (10s)
✔ [10171/10329] Built ClassFieldTheory.GlobalClassFieldTheory.Reciprocity.ComplexificationArtin.RamifiedOverextension (21s)
✔ [10172/10329] Built SawinTotallyRealTowers.RealProTwoDeepFrobenius (14s)
✔ [10173/10329] Built ProCGroups.FoxDifferential.Completed.FiniteStage.SemidirectCycles (8.5s)
✔ [10174/10329] Built ProCGroups.FoxDifferential.Completed.FiniteStage.RelationAction (9.6s)
✔ [10175/10329] Built ProCGroups.FoxDifferential.Completed.FiniteStage.Stage.Naturality (9.3s)
✔ [10176/10329] Built ClassFieldTheory.GlobalClassFieldTheory.ClassFieldAxiom.IdeleClassFormation (19s)
✔ [10177/10329] Built ProCGroups.FoxDifferential.Completed.FreeProC.StageApproximation (9.1s)
✔ [10178/10329] Built ProCGroups.FoxDifferential.Completed.FiniteStage.BoundarySubgroups (9.2s)
✔ [10179/10329] Built ProCGroups.FoxDifferential.Completed.FiniteStage.RelationSubmodule (9.1s)
✔ [10180/10329] Built ProCGroups.FoxDifferential.Completed.FiniteStage.Stage.Source (10s)
✔ [10181/10329] Built ClassFieldTheory.GlobalClassFieldTheory.Reciprocity.FiniteGaloisRealizationCore (26s)
✔ [10182/10329] Built ProCGroups.FoxDifferential.Completed.FreeProC.QuotientKernelBasis (9.6s)
✔ [10183/10329] Built ProCGroups.FoxDifferential.Completed.FiniteStage.RelationRealization (9.5s)
✔ [10184/10329] Built ProCGroups.FoxDifferential.Completed.FiniteStage.BoundaryQuotient (9.9s)
✔ [10185/10329] Built ClassFieldTheory.LocalClassFieldTheory.Finite.LocalReciprocity.FixedFieldIntrinsicReciprocity.IntrinsicFrobeniusClosure (445s)
✔ [10186/10329] Built ProCGroups.FoxDifferential.Completed.FiniteStage.RelationIdeal (9.5s)
✔ [10187/10329] Built ProCGroups.FoxDifferential.Completed.FiniteStage.CoeffMap.Target (9.5s)
✔ [10188/10329] Built ClassFieldTheory.GlobalClassFieldTheory.Reciprocity.FiniteGaloisRealizationFinitePlace (16s)
✔ [10189/10329] Built ClassFieldTheory.GlobalClassFieldTheory.Reciprocity.FiniteGaloisRealizationSubextension (17s)
✔ [10190/10329] Built ProCGroups.FoxDifferential.Completed.FiniteStage.CoeffMap.Boundary (9.3s)
✔ [10191/10329] Built ProCGroups.FoxDifferential.Completed.FiniteStage.SourceBoundary (9.7s)
✔ [10192/10329] Built ProCGroups.FoxDifferential.Completed.FiniteStage.CoeffMap.Source (10s)
✔ [10193/10329] Built ClassFieldTheory.GlobalClassFieldTheory.Reciprocity.IdeleClassNormTopology (47s)
✔ [10194/10329] Built ProCGroups.FoxDifferential.Completed.FiniteStage.RelationIdealDerivative (8.9s)
✔ [10195/10329] Built ProCGroups.FoxDifferential.Completed.FiniteStage.CoeffMap.Augmentation (9.2s)
✔ [10196/10329] Built ClassFieldTheory.GlobalClassFieldTheory.GlobalClassFields.FiniteAbelianClassFieldCorrespondence (37s)
✔ [10197/10329] Built ProCGroups.FoxDifferential.Completed.FreeProC.RelationSubmoduleApproximation (7.3s)
✔ [10198/10329] Built ProCGroups.FoxDifferential.Completed.FiniteStage.CoeffMap.Semidirect (7.6s)
✔ [10199/10329] Built SawinTotallyRealTowers.UnramifiedProPRelationRank.Global.IdeleClassPGroupH1 (24s)
✔ [10200/10329] Built ProCGroups.FoxDifferential.Completed.FiniteStage.CoeffMap.BoundaryCycles (6.8s)
✔ [10201/10329] Built ProCGroups.FoxDifferential.Completed.FreeProC.StageProjection (8.2s)
✔ [10202/10329] Built ProCGroups.FoxDifferential.Completed.FiniteStage.TargetMap (6.5s)
✔ [10203/10329] Built ProCGroups.FoxDifferential.Completed.FreeProC.CoordinateStageProjection (6.9s)
✔ [10204/10329] Built SawinTotallyRealTowers.UnramifiedProPRelationRank.Global.FiniteIdeleH2Injection (11s)
✔ [10205/10329] Built ClassFieldTheory.GlobalClassFieldTheory.Reciprocity.CyclotomicAbstractFixedFieldArtin (83s)
✔ [10206/10329] Built ProCGroups.FoxDifferential.Completed.FiniteStage.Bifiltered.Transition (5.6s)
✔ [10207/10329] Built ProCGroups.FoxDifferential.Completed.FiniteStage.Bifiltered.System (4.5s)
✔ [10208/10329] Built ClassFieldTheory.GlobalClassFieldTheory.Reciprocity.FiniteGaloisRealizationNormQuotient (42s)
✔ [10209/10329] Built SawinTotallyRealTowers.UnramifiedProPRelationRank.Global.FiniteFieldUnitsIdelePrimitive (8.1s)
✔ [10210/10329] Built ProCGroups.FoxDifferential.Completed.FiniteStage.Bifiltered.InverseSystem (4.3s)
✔ [10211/10329] Built ProCGroups.FoxDifferential.Completed.FreeProC.BifilteredStageProjection (4.7s)
✔ [10212/10329] Built SawinTotallyRealTowers.UnramifiedProPRelationRank.Kummer.FiniteKummerSPlaceLocalization (8.9s)
✔ [10213/10329] Built ClassFieldTheory.LocalClassFieldTheory.Finite.LocalReciprocity.FixedFieldIntrinsicReciprocity.IntrinsicFrobeniusFixedField (66s)
✔ [10214/10329] Built ProCGroups.FoxDifferential.Completed.FreeProC.BifilteredSystemStageProjection (5.2s)
✔ [10215/10329] Built ProCGroups.FoxDifferential.Completed.FreeProC.BifilteredCoefficientStageProjection (4.9s)
✔ [10216/10329] Built SawinTotallyRealTowers.UnramifiedProPRelationRank.Kummer.FiniteKummerSPlaceCardinality (8.3s)
✔ [10217/10329] Built ProCGroups.FoxDifferential.Completed.FreeProC.ProCIntegerStageCoeffProjection (5.7s)
✔ [10218/10329] Built ProCGroups.FoxDifferential.Completed.FreeProC.ProCIntegerBifilteredStageProjection (4.7s)
✔ [10219/10329] Built ProCGroups.FoxDifferential.Completed.FreeProC.ProCIntegerBifilteredStageRightProjection (4.0s)
✔ [10220/10329] Built ClassFieldTheory.GlobalClassFieldTheory.Reciprocity.FiniteGaloisRealization (35s)
✔ [10221/10329] Built ProCGroups.FoxDifferential.Completed.FreeProC.FiniteQuotientStages (4.8s)
✔ [10222/10329] Built ProCGroups.FoxDifferential.Completed.FreeProC.SemidirectKernelBasis (5.2s)
✔ [10223/10329] Built ProCGroups.FoxDifferential.Completed.Continuous.Topology (8.4s)
✔ [10224/10329] Built ClassFieldTheory.GlobalClassFieldTheory.Reciprocity.GlobalNormResidue (14s)
✔ [10225/10329] Built ProCGroups.ProP.Fox.CoefficientReduction (7.5s)
✔ [10226/10329] Built ProCGroups.FoxDifferential.Completed.Continuous.Free.Continuity (7.7s)
✔ [10227/10329] Built ProCGroups.FoxDifferential.Completed.Continuous.TopologicalGeneration (8.4s)
✔ [10228/10329] Built ProCGroups.ProP.Fox.CoefficientReductionCompatibility (8.4s)
✔ [10229/10329] Built ProCGroups.FoxDifferential.Completed.Continuous.Free.SourceFormula (8.5s)
✔ [10230/10329] Built ProCGroups.FoxDifferential.Completed.Continuous.Magnus.ClosedGeneratedVector (8.3s)
✔ [10231/10329] Built ProCGroups.FoxDifferential.Completed.Continuous.Free.Rules (9.3s)
✔ [10232/10329] Built ClassFieldTheory.GlobalClassFieldTheory.GlobalClassFields.SUnitKummerNormRealization (16s)
✔ [10233/10329] Built ClassFieldTheory.GlobalClassFieldTheory.GlobalClassFields.FiniteAbelianClassFieldCorrespondenceTopology (21s)
✔ [10234/10329] Built ProCGroups.FoxDifferential.Completed.Continuous.Free.CanonicalFormula (9.5s)
✔ [10235/10329] Built ClassFieldTheory.GlobalClassFieldTheory.Reciprocity.LocalGlobalArtinCompatibility.SeparableClosurePadicLift (24s)
✔ [10236/10329] Built ClassFieldTheory.GlobalClassFieldTheory.Reciprocity.TopologicalGlobalNormResidue (25s)
✔ [10237/10329] Built ProCGroups.FoxDifferential.Completed.Continuous.Free.DiscreteGenerators (7.8s)
✔ [10238/10329] Built ProCGroups.FoxDifferential.Completed.Continuous.Universal.Basic (8.5s)
✔ [10239/10329] Built ClassFieldTheory.GlobalClassFieldTheory.GlobalClassFields.CyclotomicKummerNormDescent (23s)
✔ [10240/10329] Built ClassFieldTheory.GlobalClassFieldTheory.Reciprocity.LocalGlobalArtinCompatibility.FinitePadicCyclicData (18s)
✔ [10241/10329] Built ClassFieldTheory.GlobalClassFieldTheory.GlobalClassFields.OrdinaryNormClassField (60s)
✔ [10242/10329] Built ProCGroups.FoxDifferential.Completed.Continuous.Universal.FiniteStage (14s)
✔ [10243/10329] Built ClassFieldTheory.GlobalClassFieldTheory.GlobalClassFields.FiniteIndexNormClassField (14s)
✔ [10244/10329] Built ClassFieldTheory.GlobalClassFieldTheory.Reciprocity.ComplexificationArtin.OverextensionArtin (59s)
✔ [10245/10329] Built ProCGroups.FoxDifferential.Completed.FiniteStage.RelationReflection (5.0s)
✔ [10246/10329] Built ProCGroups.FoxDifferential.Completed.Continuous.Universal.System (5.3s)
✔ [10247/10329] Built ClassFieldTheory.LocalClassFieldTheory.Finite.LocalReciprocity.FixedFieldIntrinsicReciprocity.PrimeComparison (100s)
✔ [10248/10329] Built ClassFieldTheory.GlobalClassFieldTheory.GlobalClassFields.ClosedFiniteIndexClassFieldConstruction (10s)
✔ [10249/10329] Built ProCGroups.FoxDifferential.Completed.Continuous.Universal.NaturalTopology (10s)
✔ [10250/10329] Built ClassFieldTheory.LocalClassFieldTheory.Finite.LocalReciprocity.FixedFieldIntrinsicReciprocity.IntrinsicFrobeniusArtinComparison (9.9s)
✔ [10251/10329] Built ProCGroups.FoxDifferential.Completed.FreeProC.RelationReflection (5.2s)
✔ [10252/10329] Built ProCGroups.FoxDifferential.Completed.Continuous.PresentedCoordinates (5.7s)
✔ [10253/10329] Built ClassFieldTheory.LocalClassFieldTheory.Finite.LocalReciprocity.Core (7.9s)
✔ [10254/10329] Built ClassFieldTheory.GlobalClassFieldTheory.Reciprocity.AbstractFixedFieldGlobalNormResidue (83s)
✔ [10255/10329] Built ProCGroups.FoxDifferential.Completed.Continuous.ClosedGeneratedCoordinates.Basic (10s)
✔ [10256/10329] Built ClassFieldTheory.LocalClassFieldTheory.Finite.LocalReciprocity.Filtered.Unramified (7.4s)
✔ [10257/10329] Built ProCGroups.FoxDifferential.Completed.Continuous.ClosedGeneratedCoordinates.Equiv (6.8s)
✔ [10258/10329] Built ClassFieldTheory.GlobalClassFieldTheory.GlobalClassFields.ClosedFiniteIndexClassFieldNormRange (32s)
✔ [10259/10329] Built ClassFieldTheory.GlobalClassFieldTheory.Reciprocity.CyclotomicUnramifiedRestriction (16s)
✔ [10260/10329] Built ProCGroups.FoxDifferential.Completed.Continuous.ClosedGeneratedCoordinates.Topology (6.6s)
✔ [10261/10329] Built ClassFieldTheory.LocalClassFieldTheory.Finite.LocalReciprocity.Filtered.AbstractUnramified (13s)
✔ [10262/10329] Built ProCGroups.FoxDifferential.Completed.FreeProC.NaturalTopology (5.9s)
✔ [10263/10329] Built ProCGroups.ProP.Fox.Derivative (6.1s)
✔ [10264/10329] Built ClassFieldTheory.LocalClassFieldTheory.Finite.LocalReciprocity.Filtered.InertiaUnramifiedExtension (11s)
✔ [10265/10329] Built ClassFieldTheory.GlobalClassFieldTheory.GlobalClassFields.ClosedFiniteIndexClassFieldOriginalField (20s)
✔ [10266/10329] Built ProCGroups.ProP.Fox.Rows (6.0s)
✔ [10267/10329] Built ProCGroups.ProP.Fox.ModPGroupDerivative (7.2s)
✔ [10268/10329] Built ClassFieldTheory.GlobalClassFieldTheory.Reciprocity.CyclotomicUnramifiedGeometricRestriction (24s)
✔ [10269/10329] Built SawinTotallyRealTowers.UnramifiedProPRelationRank.Local.LocalFiniteInertiaUnramified (12s)
✔ [10270/10329] Built SawinTotallyRealTowers.UnramifiedProPRelationRank.Kummer.LocalUnramifiedArtinKummerRange (13s)
✔ [10271/10329] Built ProCGroups.ProP.Fox.ClosedSpan (8.2s)
✔ [10272/10329] Built ProCGroups.ProP.Fox.ModPBoundary (8.1s)
✔ [10273/10329] Built ProCGroups.ProP.Fox.CompletedOperator (8.4s)
✔ [10274/10329] Built ProCGroups.ProP.Fox.ModPFiniteStage (7.6s)
✔ [10275/10329] Built ProCGroups.ProP.Fox.ModPDisplayedSpan (7.0s)
✔ [10276/10329] Built ProCGroups.ProP.Fox.ModPTailExactness (8.2s)
✔ [10277/10329] Built ProCGroups.ProP.Fox.CompletedOperatorCompatibility (8.8s)
✔ [10278/10329] Built SawinTotallyRealTowers.UnramifiedProPRelationRank.Kummer.LocalReciprocityUnramifiedValuation (13s)
✔ [10279/10329] Built ClassFieldTheory.GlobalClassFieldTheory.Reciprocity.GlobalNormResidueNaturality (57s)
✔ [10280/10329] Built SawinTotallyRealTowers.UnramifiedProPRelationRank.Radical.FinitePlaceAdicInertiaTransport (14s)
✔ [10281/10329] Built ProCGroups.ProP.Fox.ModPStageProjection (7.1s)
✔ [10282/10329] Built ProCGroups.ProP.Fox.CompletedFiltration (6.3s)
✔ [10283/10329] Built SawinTotallyRealTowers.UnramifiedProPRelationRank.Local.FinitePlaceInertiaFixedUnramified (17s)
✔ [10284/10329] Built ProCGroups.ProP.Fox.ModPDensityExactness (5.1s)
✔ [10285/10329] Built SawinTotallyRealTowers.UnramifiedProPRelationRank.Kummer.LocalReciprocityUnramifiedUnits (9.5s)
✔ [10286/10329] Built ProCGroups.ProP.Fox.ModPFilteredExactness (5.6s)
✔ [10287/10329] Built SawinTotallyRealTowers.AbsoluteRealProPFactor (9.6s)
✔ [10288/10329] Built ProCGroups.ProP.Fox.ModPFilteredLifting (5.9s)
✔ [10289/10329] Built SawinTotallyRealTowers.UnramifiedProPRelationRank.Radical.FinitePlaceReciprocityUnramifiedUnits (9.8s)
✔ [10290/10329] Built ClassFieldTheory.GlobalClassFieldTheory.Reciprocity.ComplexificationArtin.InfinitePlaceCompatibility (21s)
✔ [10291/10329] Built ProCGroups.GolodShafarevich.TruncatedFoxMaps (5.9s)
✔ [10292/10329] Built ClassFieldTheory.GlobalClassFieldTheory.Reciprocity.CyclotomicUnramifiedLocalGlobalCompatibility (24s)
✔ [10293/10329] Built ProCGroups.GolodShafarevich.TruncatedFoxSequence (4.3s)
✔ [10294/10329] Built ClassFieldTheory.GlobalClassFieldTheory.Reciprocity.InfiniteLocalGlobalArtinCompatibility (8.0s)
✔ [10295/10329] Built ProCGroups.GolodShafarevich.TruncatedInequality (4.8s)
✔ [10296/10329] Built ProCGroups.GolodShafarevich.FiniteCriterion (4.9s)
✔ [10297/10329] Built ProCGroups.GolodShafarevich.WeightedFiniteCriterion (4.9s)
✔ [10298/10329] Built ProCGroups.GolodShafarevich.CountableRelators (4.6s)
✔ [10299/10329] Built ClassFieldTheory.GlobalClassFieldTheory.Reciprocity.LocalGlobalArtinCompatibility.FinitePadicAuxiliaryField (18s)
✔ [10300/10329] Built ProCGroups.GolodShafarevich.CountableRelatorTarget (4.4s)
✔ [10301/10329] Built ClassFieldTheory.GlobalClassFieldTheory.Reciprocity.LocalGlobalArtinCompatibility.Factorization (12s)
✔ [10302/10329] Built ClassFieldTheory.GlobalClassFieldTheory.Reciprocity.GlobalArtinCompatibility (7.6s)
✔ [10303/10329] Built ClassFieldTheory.GlobalClassFieldTheory.Reciprocity.InfiniteGlobalArtinDescent (6.4s)
✔ [10304/10329] Built ClassFieldTheory.GlobalClassFieldTheory.Reciprocity.InfiniteGlobalArtinSurjectivity (6.5s)
✔ [10305/10329] Built ClassFieldTheory.GlobalClassFieldTheory.Reciprocity.MaximalAbelianGlobalArtin (6.9s)
✔ [10306/10329] Built SawinTotallyRealTowers.UnramifiedProPRelationRank.Global.GlobalReciprocityCharacter (7.2s)
✔ [10307/10329] Built SawinTotallyRealTowers.UnramifiedProPRelationRank.Global.MaximalAbelianFiniteProjection (7.8s)
✔ [10308/10329] Built ClassFieldTheory.GlobalClassFieldTheory.Reciprocity.MaximalAbelianKernel (13s)
✔ [10309/10329] Built SawinTotallyRealTowers.InfiniteArtinCompatibility (7.8s)
✔ [10310/10329] Built SawinTotallyRealTowers.UnramifiedProPRelationRank.Radical.FinitePlaceAbsoluteArtinCompatibility (8.7s)
✔ [10311/10329] Built SawinTotallyRealTowers.UnramifiedProPRelationRank.Global.IdeleCharacterGlobalLift (7.5s)
✔ [10312/10329] Built SawinTotallyRealTowers.UnramifiedProPRelationRank.Radical.AbsoluteCharacterRadicalReciprocity (7.4s)
✔ [10313/10329] Built SawinTotallyRealTowers.UnramifiedProPRelationRank.Radical.FiniteSupportIdeleCorrection (7.2s)
✔ [10314/10329] Built SawinTotallyRealTowers.NegativeThreeLocalRadical (7.6s)
✔ [10315/10329] Built SawinTotallyRealTowers.UnramifiedProPRelationRank.Radical.FiniteSupportInertiaCorrection (7.5s)
✔ [10316/10329] Built SawinTotallyRealTowers.RealCharacterInertiaCorrection (6.6s)
✔ [10317/10329] Built SawinTotallyRealTowers.RealCharacterInertiaExistence (7.4s)
✔ [10318/10329] Built SawinTotallyRealTowers.RealCentralLiftCorrection (6.9s)
✔ [10319/10329] Built SawinTotallyRealTowers.RealProTwoH2AbsoluteKernel (7.0s)
✔ [10320/10329] Built SawinTotallyRealTowers.RealProTwoH2Bound (8.7s)
✔ [10321/10329] Built SawinTotallyRealTowers.RealProTwoInitialGroup (7.2s)
✔ [10322/10329] Built SawinTotallyRealTowers.RealProTwoInitialPresentation (6.6s)
✔ [10323/10329] Built SawinTotallyRealTowers.RealProTwoFrobeniusSequence (6.8s)
✔ [10324/10329] Built SawinTotallyRealTowers.RealProPFrobeniusFixedFieldSplitting (6.9s)
✔ [10325/10329] Built SawinTotallyRealTowers.SawinTotallyRealTower (7.1s)
✔ [10326/10329] Built Jsp108.UnitDistanceInput (6.9s)
ℹ [10327/10329] Built Jsp108.Main (24s)
info: Jsp108/Main.lean:28:0: 'Jsp108.unit_distance_fixed_power' depends on axioms: [propext, Classical.choice, Quot.sound]
info: Jsp108/Main.lean:29:0: 'Jsp108.jsp_000108' depends on axioms: [propext, Classical.choice, Quot.sound]
info: Jsp108/Main.lean:30:0: 'Jsp108.jsp_000108_eventually' depends on axioms: [propext, Classical.choice, Quot.sound]
✔ [10328/10329] Built Jsp108 (30s)
Build completed successfully (10329 jobs).
